Date,AAPL,AMZN,GOOG,META,MSFT,NVDA,SPY
2012-05-21,0.05662628595469974,0.01972471508586604,0.02257798432377063,-0.11637799524714466,0.01626595064137897,0.01723438462772497,0.017042210853370165
2012-05-22,-0.007708864337947223,-0.012827781408528062,-0.021911893815401567,-0.0932553358393083,0.00033623923907748535,-0.012279509221607473,0.0017411615073379685
2012-05-23,0.02410767965369776,0.009015094812242259,0.01431117030362156,0.03174867318195715,-0.022083697665773946,0.024410790990094734,0.0005293015997195229
2012-05-24,-0.009227023700324386,-0.009433181446076506,-0.009562244118911998,0.031680265276514546,-0.0013751259465100809,-0.02688521352852536,0.0019639149237090955
2012-05-25,-0.00537412895168074,-0.010978112817300979,-0.020298589638152512,-0.034496699745368634,-0.0003438913911633743,0.023664763353805268,-0.0032496697180149775
2012-05-29,0.017592835196736642,0.008698999025762448,0.004739041683853413,-0.10115611576574415,0.017059114674986952,0.025478820205538703,0.012039178145950853
2012-05-30,0.011985646546575352,-0.026040437232411215,-0.010333564336652773,-0.022796019014629385,-0.00747016286125546,-0.011862134750341473,-0.014616541025181463
2012-05-31,-0.0024893651423542624,0.01743541700988411,-0.012608168984627929,0.04880707799251081,-0.005125506915797896,-0.011199957644424288,-0.002203288080869373
2012-06-01,-0.029403660895996615,-0.022274321175586566,-0.01715562542333051,-0.06562021655224229,-0.025677859906397243,-0.03687444179305692,-0.025499326458685703
2012-06-04,0.005865412859156468,0.030040822361707704,0.013240006453405782,-0.030027924646950952,0.0035085234211804303,-0.021089055202766785,-0.00046823298908622055
2012-06-05,-0.002590876116118868,-0.006358504161970081,-0.01423877312555748,-0.0390421999900321,-0.0014022859934261524,0.0285733302935918,0.007543532290632524
2012-06-06,0.015216839725241986,0.02056476338389401,0.017654961935366573,0.0356908989503467,0.029037903037295098,0.026166703218830984,0.022219969804487545
2012-06-07,0.00045429488120074876,0.005315713378321493,-0.004038581958808535,-0.018825805618700016,-0.004096886076563997,-0.04119190912688764,0.0006057162728481526
2012-06-08,0.014930869236140792,-0.0014635745815747311,0.003831912347205396,0.029584513999180658,0.014266791401362807,0.019158725811964927,0.007920009500305261
2012-06-11,-0.015892613248894204,-0.009103927787366845,-0.02080248180545983,-0.003326527120696645,-0.025620528225388243,0.011485006741110795,-0.012778331406880663
2012-06-12,0.008698119042338729,-0.0003695565134847098,-0.005998497604349783,0.01433593763529328,0.01340456461585506,0.020186522059739243,0.011425241888305859
2012-06-13,-0.006966423730873824,-0.007839568227068319,-0.007121427549003809,-0.004755846925927069,-0.0054780012330990085,-0.026732856642455213,-0.006415291244658996
2012-06-14,-0.0011018430290289669,-0.001304808349879421,-0.0036422981694774325,0.0367211899475337,0.007183285874979121,-0.01239174320924469,0.010544713447147715
2012-06-15,0.004538557093050958,0.01802264126995657,0.009719118068706985,0.05902226264072947,0.022912138968513178,0.02138215844463288,0.01017567128053584
2012-06-18,0.020088933495571098,0.01954673987781918,0.0111684290311827,0.0455956911070698,-0.0060140518339518115,0.00891083159376715,0.0019359923187041925
2012-06-19,0.0027790880435457806,0.006133988129961175,0.018536112745906195,0.0157930833622583,0.02841280561136514,0.06554607219599455,0.009626411422026363
2012-06-20,-0.0028476392464401577,-0.004518510420216664,-0.006936883444811975,-0.009762289323623604,0.007463933847251538,0.015736626724118692,-0.001622664636751849
2012-06-21,-0.013872989583721844,-0.011046386738313511,-0.021528433607354163,0.007566265391364712,-0.025873160789363563,-0.04641380402179016,-0.022694473273006655
2012-06-22,0.007639307733511725,0.007182756289290478,0.011032174591006005,0.03729813486462578,0.01840922694211214,0.01238392865461339,0.007672071098627343
2012-06-25,-0.01965526286315017,-0.00945214896603832,-0.019043590843073797,-0.030412291169581517,-0.027408028879888822,-0.0320464974102091,-0.01616444575629895
2012-06-26,0.0022046238628826006,0.024862205230015172,0.00707338582866263,0.03192404371938214,0.005009275102475551,0.011058513000326581,0.005013179098182031
2012-06-27,0.004308571743529891,4.4298945523270575e-05,0.008148187941281818,-0.026635594537469887,0.004984068712777027,0.03169968917351668,0.008976070695010462
2012-06-28,-0.009531841593707353,-0.019287723343762983,-0.008803816532607072,-0.027364569924541646,-0.008655022864088122,0.007581543879423822,-0.002857512703579642
2012-06-29,0.02593258813436881,0.031315042531347925,0.02754506411777848,-0.008325307119411542,0.022480367519158002,0.042874190379942466,0.02462090126367498
2012-07-02,0.014483874827022188,0.004238873901907135,0.0006893608564037047,-0.010667626664727429,-0.0009812724504047856,-0.027137563655823583,0.0030079867927598086
2012-07-03,0.01156110341651529,0.0009153279146398562,0.012599732637509284,0.01387791810676901,0.006523181360045826,0.02568931730046117,0.006571417222794968
2012-07-05,0.017414582984911973,-0.01081942917065013,0.013668669666062071,0.00861653047473725,-0.0019525685000744912,-0.010196595388923221,-0.004522374693242882
2012-07-06,-0.006678426079829262,-0.00889170973577669,-0.016820790608606116,0.008227947604466948,-0.016751517479544172,-0.019216735782341496,-0.009549124857316155
2012-07-09,0.013133512937986043,0.0,5.111799900406565e-05,0.013771731823039517,-0.006313760922015369,-0.01352434988577266,-0.00125533453441915
2012-07-10,-0.009295274617170798,-0.024970295174678594,-0.007381930824365919,-0.02199967942750642,-0.008704362054064491,-0.030724409934398695,-0.00875809945716492
2012-07-11,-0.0062342333979616815,-0.00516140036632022,-0.018233019892807168,-0.016015674017327224,-0.014905345546878838,-0.016516481346346625,0.00014878459588397964
2012-07-12,-0.009191362210181972,-0.013879853042742954,-0.0012438130489436869,-0.00517959509177282,-0.023132482630620777,-0.01679344388279187,-0.004856801927602773
2012-07-13,0.010083929954464934,0.013971473552403066,0.010531814979155287,-0.0029254997655208804,0.026199284020540968,0.012820657708335905,0.016638457176836596
2012-07-16,0.0032018478437283423,-0.010957792278126079,-0.002778835722534368,-0.08382047106201154,0.0017003028197482878,0.00317980013939852,-0.002359826518688305
2012-07-17,4.9201759046129985e-05,0.004250062293107569,0.0031432117583518136,-0.005679790278472597,0.007444555688605014,-0.018422514856648118,0.0068433381862986475
2012-07-18,-0.0011206205758801226,0.0024861406212323455,0.006963359238044145,0.03566811926819904,0.026286978912191127,0.054279511710457404,0.007379657852956439
2012-07-19,0.013206836340734399,0.0392260564759654,0.020958001331465477,-0.0037859267487576212,0.007198748723062325,0.009904931942245739,0.0026170462151104434
2012-07-20,-0.016445240388874453,0.009329816752958875,0.029506635786665143,-0.008310258503287862,-0.018095418739792795,-0.029232757097111123,-0.009190243058511488
2012-07-23,-0.0007781233925332199,-0.010037532627288724,0.007648881322908307,-0.00034788072230623203,-0.02828471383858199,0.013183225902522265,-0.010163374464022016
2012-07-24,-0.004830567530527374,-0.013228072771154675,-0.012983692110519128,-0.010489457548533086,-0.0044499409094700265,-0.010843960550877538,-0.008624107712069751
2012-07-25,-0.04414406636184815,-0.0272234276527592,0.0006908885575776345,0.030803518540572308,-0.011038070093368353,0.019283296357506845,0.00022413066277618163
2012-07-26,-0.0001562628990521854,0.013545236666434167,0.00879370380720834,-0.08868593510828994,0.011381311328379417,0.004573241468844982,0.01636286170569551
2012-07-27,0.017723786476661875,0.07573648128158633,0.0346099391931096,-0.12436899591949754,0.02036730116559925,0.02478476580942895,0.018265016834858327
2012-07-30,0.01672664045774311,-0.005196399587768268,-0.004197994456450511,-0.023902092326766038,-0.00404073299366616,-0.01118959547606287,0.0
2012-07-31,0.02609221177605607,-0.011887880833637897,0.0010589327768360337,-0.06422175806344017,-0.005751842253684006,0.01563091675497307,-0.007019211784386347
2012-08-01,-0.0064882727297784085,-0.005199964061006558,-0.00045812182552783085,-0.038981244060190816,-0.002037799613428331,-0.011140120259051084,-0.0008721817721247022
2012-08-02,0.0016135533161891619,-0.0055303775495049255,-0.006231149193095269,-0.041061485697782805,-0.007508895244735427,0.003727469795304259,-0.006928229366135813
2012-08-03,0.01293040681559369,0.01786300123416637,0.019810506880899952,0.051068739646392934,0.019003030866436333,0.020619190465044988,0.019639165869773753
2012-08-06,0.011063559573314466,-0.004179448805791488,0.0023205354895577237,0.03860048970053058,0.006700193108360328,0.020917072800832857,0.0019357452120385994
2012-08-07,-0.002637571874086695,0.01092349477443641,-0.00355312128330465,-0.056300053809262215,0.010297226044891805,0.009943030719072727,0.005000731165414789
2012-08-08,-0.0016922782545020318,-0.009258163237520094,0.0026349896687136044,0.0,0.002310692993529036,0.005637591653843281,0.0012106308596658364
2012-08-09,0.005686698288398933,-0.0013662194980755093,0.00018673064261179214,0.01389901076635505,0.005589441458055889,0.03317513822599188,0.000853980043426858
2012-08-10,0.0015620103754383009,-0.005612598846381218,-0.0005450437936440587,0.03737025051337396,-0.002626475859326283,-0.0061371220663858994,0.0016344055457755767
2012-08-13,0.013262039729768383,-0.0013327948802829938,0.027666952006552715,-0.00967537495079024,-0.0009868379543648967,0.012912310325214615,-0.0004969215868816592
2012-08-14,0.0026788043118933925,0.003221477492622297,0.013020353697091735,-0.058139339871862275,-0.0019892590400369674,-0.014966564672809301,0.00014177765840161794
2012-08-15,-0.0013622728940099786,0.01797716666783767,-0.001676183781499643,0.03944729397208369,0.002320707210683454,-0.0075678590782136375,0.0011358252491427056
2012-08-16,0.00869637250834126,0.0172457703793794,0.007952781746228326,-0.06479026870751581,0.019022935161933766,0.02050663876445103,0.007351855414408488
2012-08-17,0.018327268133771505,-0.0015744163765352042,0.006326040402054119,-0.04214390969595635,0.0038911846512105167,-0.008834482302346196,0.001337063023255411
2012-08-20,0.02595231677234594,-0.0034059150591216367,-0.0023657660046032375,0.04916511358455623,-0.005191075479474934,0.0,7.00865677956026e-05
2012-08-21,-0.01376018919400813,-0.0037515739476454498,-0.00896625871747585,-0.043407444033215344,0.0019498996081164976,-0.002734147726542138,-0.003028510592500793
2012-08-22,0.019337316667697432,0.015128245309684579,0.011390778412846686,0.014508058824664707,-0.008477474414994766,0.002051266905405859,0.0004231196472180561
2012-08-23,-0.009372937643645171,-0.00784635970632075,-0.0005610336651178899,0.0,-0.00921065951829066,-0.022798645933175425,-0.008212759550359031
2012-08-24,0.0008902822927771948,0.01864754257594954,0.0027001166794924612,-0.0015444193862800583,0.009865462542764878,0.020063073172889235,0.0060244050005185765
2012-08-27,0.018612614096638176,-0.007433731410718927,-0.01396320517280771,-0.013485769060236739,0.004244363546471703,-0.01727223003892115,0.00021185374972442883
2012-08-28,-0.0013032450205023194,0.008938282127785753,0.011927615903558227,0.009872952995464559,-0.0019566628492453516,-0.004189736848800928,-0.0009891714971883075
2012-08-29,-0.0019731814844918968,0.004095451347938841,0.015763023764014998,-0.012487296604328041,0.000652490907879788,0.0020974258313222922,0.0007773177474639338
2012-08-30,-0.014357210351998488,-0.0036486096038739193,-0.009243039185751988,-0.0005236698063238125,-0.010824618588656066,-0.01903489040720491,-0.007234326420201338
2012-08-31,0.002061696330930613,0.008291415422314046,0.004989764292207993,-0.055465066552526865,0.016355679571335355,-0.0014245213865317903,0.004757873863807613
2012-09-04,0.014520482505588118,-0.0015720877036050481,-0.005929234191163925,-0.018441423051349683,-0.014050204946586148,-0.054938994021631986,-0.0009211725406860201
2012-09-05,-0.007047303582127843,-0.006719327718709024,-0.00046983959675604134,0.046827685605399474,0.0,0.0030079538372818804,-0.000851161724886816
2012-09-06,0.008971388793497626,0.02074032323652157,0.027071621277533806,0.02024571988878609,0.03110099720530439,0.030316063138111443,0.02009354498382261
2012-09-07,0.006147597228810419,0.030402681204043523,0.009604950742511874,0.0010542409300034182,-0.012841309585019445,-0.024327745656856446,0.0038870968699764737
2012-09-10,-0.02635720043371891,-0.007942235225280392,-0.007647958448833954,-0.008997082828578005,-0.007459163774485961,-0.008996271318536761,-0.005697067796098318
2012-09-11,-0.0032491383695899146,-0.005538675557864947,-0.012319322280088238,0.03242961928929912,0.0022761096227006923,0.011976455618494372,0.0027834474745954403
2012-09-12,0.013830738253858426,-0.00015645257800968012,-0.0018941088948292233,0.07436535116377217,-0.0003250184990304539,0.011098710910756017,0.00332954144575993
2012-09-13,0.01950151212808954,0.01787321285117467,0.02170556446232446,-0.010567042186360582,0.005184965756889484,0.006600728719292191,0.015121581663267892
2012-09-14,0.012079452091260493,0.003950097711233409,0.005142273149947519,0.06042583742734144,0.008688443035485707,0.011628011625487393,0.0044240661511306565
2012-09-17,0.012220820500566963,-0.012594830975696919,0.00042286989158408096,-0.022059704129967654,0.0,-0.027840441578995987,-0.0034017230021544283
2012-09-18,0.0030392442522004016,0.002902789229258546,0.0116223556158799,0.01613322253803364,-0.0009615526778329023,0.006664170927011395,-0.000817961955098389
2012-09-19,0.0002705375359392769,0.011260010661330628,0.01275466273941558,0.06290816501774357,-0.004177752611146057,0.011738254565400227,0.0005458864592426708
2012-09-20,-0.004854831849548041,-0.0033302063524322037,0.0008518611338521034,-0.030516735955868464,0.012799758741895928,-0.007319924103049509,6.81902015020564e-05
2012-09-21,0.0019878492336430835,-0.012888950501210413,0.00802943283582185,0.01188129346021111,-0.008301232995198762,0.00439879955053755,-0.00041815734755943897
2012-09-24,-0.013373129987581061,-0.010424292654865762,0.0207509376329045,-0.09491657719781245,-0.013232629250093572,-0.0007317591340554455,-0.001509793766875559
2012-09-25,-0.025288333038738217,-0.009226073924005132,-0.0002936921653874326,-0.024836924784457606,-0.01275161496946915,-0.018471171754152537,-0.01069832393635547
2012-09-26,-0.012489273118129151,-0.01111282380537999,0.005723367322055576,0.016626362971438078,-0.007265599457895253,-0.017299965410101724,-0.00563735905718118
2012-09-27,0.023974202299480978,0.027339487719357573,0.004026471493400956,-0.014656022486269803,-0.00033098767489643695,0.007558130063376147,0.009377201814158813
2012-09-28,-0.02109230241771121,-0.008886210318986391,-0.0026471530309859115,0.06386173703431862,-0.01335161486651969,0.004508154774506014,-0.004643217141357337
2012-10-01,-0.011624588467501931,-0.009124507662843732,0.009602525686566707,0.015120558645257789,-0.00911386639343656,-0.01662919174867999,0.002636286812775805
2012-10-02,0.0029070734813417248,-0.005610756589733568,-0.006307766270021206,0.012652704429035364,0.0057482429635595566,0.0038039326155916995,0.0010393305077786704
2012-10-03,0.015216880127405885,0.021006837524020258,0.007252672828980671,-0.01995539224779089,0.006720516168239494,-0.00992014443408074,0.004074335515656875
2012-10-04,-0.006949076343840087,0.01762286671643012,0.0072522522873051855,0.005482031236297952,0.005676740087669289,0.04351766194053325,0.007142459392916479
2012-10-05,-0.021541562004106386,-0.007553353964325751,-0.0005209550987859158,-0.04853966982924854,-0.006011883020324326,-0.023775598524358992,6.828968038553643e-05
2012-10-08,-0.022344013586874583,0.002125328976229273,-0.012861637671942715,-0.02469252087289531,-0.0023475500893711688,-0.009821918982093432,-0.0034269300710042527
2012-10-09,-0.0036420498719926834,-0.0317661097680032,-0.018310115817113164,-0.008368376071074315,-0.01693261292774784,-0.02148989279947497,-0.009937297966410935
2012-10-10,0.007926530805399816,-0.0240761748279804,0.0006313755738743811,-0.029598430552076675,-0.010298559735200245,-0.017215061685684183,-0.00640017351950699
2012-10-11,-0.020189685776445636,-0.0031479211640868766,0.009251057091513611,0.005585187679178366,-0.0010359933283394626,0.005509681747081009,0.0005582531014608665
2012-10-12,0.0025597160004217985,-0.007645268047937509,-0.008996133714177216,-0.011713685509709424,0.008598564323926448,-0.008671372312314954,-0.003284091274203716
2012-10-15,0.007987863864197205,0.007481401650390766,-0.005074955719854532,0.0,0.010560483691316777,0.012588138281002212,0.008293728484193429
2012-10-16,0.023402096053886632,-0.0009833717357823988,0.005007866022249609,-0.0020513715372468635,-0.0006779481337286919,0.028518659606883788,0.010082282561060021
2012-10-17,-0.008003551962494904,0.014447942837810408,0.014384999760964813,0.020325906381555448,0.0033854760542003305,-0.007628007508139983,0.004524853372427066
2012-10-18,-0.018743844674243525,-0.010724396271677985,-0.08345447673926593,-0.04632844108412633,-0.003046565727646217,-0.015432016737954135,-0.0026027514043568283
2012-10-19,-0.036705090224452015,-0.02000687973390517,-0.019190365239437446,0.0010532316139393897,-0.02958579368575391,-0.06009020131739506,-0.01680494117682045
2012-10-22,0.038899382540901924,-0.0262584100664901,-0.004586596734673914,0.016701772713168646,-0.0225997358566993,-0.011628306714180792,0.0001391843305317021
2012-10-23,-0.03314405446734873,0.002264501232283743,0.002472284802537055,0.009273643810283826,0.0017838618725847287,0.029631783335423597,-0.013972879677171169
2012-10-24,0.005641577203966809,-0.02515252807092714,-0.0044929545876679884,0.1750300692735204,-0.005361758580216733,-0.013061487030556767,-0.002832910629098536
2012-10-25,-0.01188926696275996,-0.024679531949476516,0.0006790538777267544,-0.02926609094991139,-0.0007171693654255859,0.0008215269339635896,0.0029030675363394248
2012-10-26,-0.009130224945982507,0.06646558946960786,-0.0038585371224627843,-0.02786688576595184,0.011767009307090036,-0.010730698105577413,-0.0005653305019656244
2012-10-31,-0.014475260982927252,-0.022712323871886694,0.007598997379487992,-0.03856452267655776,0.01163023910957074,-0.005825769047550991,0.0
2012-11-01,0.0020473009407648906,-0.0032255519083767155,0.01065889121963767,0.004725839126088823,0.03376122716559142,0.046481813376722345,0.010416095715987964
2012-11-02,-0.03365044185718282,0.0012054365656819011,0.0004797172148420213,-0.0014154444125724745,-0.0006778799667414304,-0.004792200185426744,-0.00893178441298334
2012-11-05,0.013466163554655698,0.008184297641075332,-0.007236178473079144,0.0032995623984162837,0.004397263864697217,0.04155802530057443,0.0020467825384844103
2012-11-06,-0.003031986855021994,0.013689842602820388,-0.0018174821333830627,-0.003771701983347136,0.00773258494054772,-0.0007683051109498183,0.0077946429432959995
2012-11-07,-0.039013583211374624,-0.023424313025895514,-0.021648768331292048,-0.033624943660268726,-0.026469323790649563,-0.031228175515844316,-0.022924743418469964
2012-11-08,-0.036965542732979424,-0.020505224843047527,-0.02248084385517599,-0.023728046676236566,-0.009328226980672637,0.005535927994882095,-0.01209694748048792
2012-11-09,0.017164590291629176,-0.004584943400449864,0.01633082371746477,-0.03980132929886904,0.000694192234267738,-0.039410299412807784,0.0008690317284892318
2012-11-12,-0.00776217576988304,0.0007066938045409471,0.004319565405475994,0.04379522920465041,-0.02138579127085449,-0.02239789540153894,0.0007961056713159743
2012-11-13,0.0001285363596676323,0.0005738843386554067,-0.010340095040349108,-0.010518527863748196,-0.03268239910303627,-0.007579583596702313,-0.0034774748817282095
2012-11-14,-0.011149914471506069,-0.016238807364600615,-0.009911667889936112,0.11856612009522738,-0.009271766274414305,-0.024819047772671684,-0.013591013469166833
2012-11-15,-0.02119619433115566,-0.010596451885425068,-0.00813985559344792,-0.008533692361484846,-0.006728859388033995,0.004323513116743628,-0.0016936148720793189
2012-11-16,0.0039116216903836674,0.020771051544571227,-0.00012341972729899188,0.06081032538848965,-0.0052650408320993585,-0.018285086507505176,0.00492549304258254
2012-11-19,0.06962656015078361,0.0196955388660681,0.03197784586827844,-0.02754033737681798,0.007887202358561735,0.027731346704350922,0.020036882471724596
2012-11-20,-0.008556403763946768,0.017562840254780773,0.0026305183119332844,0.00782256398355969,-0.0007483106515959584,-0.011680668119163313,0.0004312404905523479
2012-11-21,0.0014075046148968558,0.01801618171797666,-0.006138484700479721,0.05146648442677734,0.008945261234669235,0.028315751187009436,0.0018660352555884196
2012-11-23,0.01729671664845054,0.007742139564583424,0.0031488118151536478,-0.0132452446243691,0.02744898204360657,0.006744940689011675,0.013533268676894026
2012-11-26,0.031060735037316406,0.01547077967101074,-0.010262520410680914,0.07773240854900307,-0.011254628679475798,0.017493664462109305,-0.002124779238946313
2012-11-27,-0.008088928303294374,-0.0009034274066274265,0.014356061380105405,0.008062955586507409,-0.01138195286485568,0.0041205231095241416,-0.005117460103037716
2012-11-28,-0.0031521663465144734,0.015127412706025044,0.019138637382123222,0.007998536734728324,0.010286516699439861,0.008189930404476204,0.008020385203006991
2012-11-29,0.01095316029898794,0.016694490851927302,0.011951716251251555,0.03577123164833248,-0.015098917198714772,-0.018107881296732305,0.004653974051783954
2012-11-30,-0.006947142256782349,0.00309938712130603,0.00932191297904028,0.02458557013978747,-0.012320494174830712,-0.005831018193102983,0.00021157974535709737
2012-12-03,0.0015537273517235916,-0.006847392281647849,-0.004477683666301533,-0.03488730641888072,-0.007162846157020583,-0.018550248669838756,-0.004936441992681804
2012-12-04,-0.017797148707869633,0.008591580506672459,-0.006088000026960592,0.015413183413631841,-0.002273128868585436,0.02935227107237517,-0.001415083832481091
2012-12-05,-0.06652074194128019,0.005805104970515614,-0.004656050983285243,0.009062968541040915,0.011312550099832189,-0.011637576072901811,0.0017683895455364105
2012-12-06,0.015560861512429545,-0.0023259039318711365,0.004800757586437538,-0.027068271789599106,0.0022469685175311436,0.0016708410993758525,0.0033865207293440236
2012-12-07,-0.025896335601532244,-0.00039476666268151953,-0.010063281656505843,0.019097217458454715,-0.01015189406529225,-0.0016708410993759065,0.0030239643235321864
2012-12-10,-0.00645328752522844,-0.021955186368298095,0.0017670029327069097,0.012651560853864013,0.01797790146228986,0.03289785311553977,0.0004211081052647412
2012-12-11,0.02160298096520789,0.011716212060317076,0.016581387879948582,0.005016007519420875,0.014006573229230154,0.023191615499353644,0.006785707264902699
2012-12-12,-0.004424484209825308,0.004259150598746085,0.0009753838029082431,-0.014399030765427128,-0.0029326665083374594,-0.010329520873643236,0.00048755915880945976
2012-12-13,-0.017423861747736913,-0.002027817020169935,0.007341610716432603,0.02364846614359078,-0.004783719557630403,0.0007980922122094833,-0.006150796427850893
2012-12-14,-0.03829320279062485,-0.008232776570312208,-0.00105380814691842,-0.05196437863548286,-0.011127480981990187,0.004776967697405719,-0.003723089453976741
2012-12-17,0.01757730666521921,0.01856723853456612,0.026457645289588598,-0.0022404326698240097,0.010758465717831145,-0.003979202880486448,0.01168406686942686
2012-12-18,0.028632944263779176,0.02543602415537417,0.0004023513113797536,0.035258861885002685,0.016831633432230254,0.001593622882590702,0.01106744306468653
2012-12-19,-0.014318659009729342,-0.009298129292679005,-0.0013323786520806887,-0.01088543260222275,-0.009112323778143305,0.007140040961923802,-0.00745708130480191
2012-12-20,-0.008739983473164455,0.013513452716990384,0.003119611320085063,-0.0018257915014991792,0.013457346904300253,-0.0007909272015597414,0.00573554536085107
2012-12-21,-0.004611238247446281,-0.01766953850238034,-0.009360384538299639,-0.04103520973247784,-0.008343961144939108,-0.023210075645410933,-0.00911827158526531
2012-12-24,0.0016164864013955293,0.0065950535726020075,-0.008602447458395264,0.02519386734268032,-0.01430942080552419,-0.008130215314162472,-0.0030861284757286458
2012-12-26,-0.013879574853050042,-0.03939390142544174,-0.0008885843809936882,-0.015718778424476963,-0.0074187162409863755,-0.0008164472740239105,-0.0042239666658924055
2012-12-27,0.004007228115444323,-0.0012879421913216365,-0.0036463099676816786,-0.017504354076008033,0.0037162816165970036,-0.006557280424011786,-0.0013414891920760252
2012-12-28,-0.010677054606406973,-0.01268532001789631,-0.008931246853519113,-0.005388638034177145,-0.015324662635928034,-0.0049469466828228415,-0.010866869582688777
2012-12-31,0.043356826326760266,0.022942252063315467,0.010473359383817793,0.027033855624506043,0.006008332704696228,0.013136877087298991,0.016853789292953697
2013-01-02,0.031190067711121133,0.025346746242038507,0.022186943547908313,0.05054163586788379,0.0335022944121041,0.03683334807746048,0.025306940690830882
2013-01-03,-0.012702692931864348,0.004536686328927499,0.0005805232641704785,-0.008248187546372857,-0.013486777071911467,0.000786360613340271,-0.002261943585523244
2013-01-04,-0.028250444150072572,0.0025887749767322323,0.019567806283419857,0.035029220512299265,-0.018893084431320147,0.032460369745607884,0.004381959744172991
2013-01-07,-0.0058991518511095934,0.035294872104506665,-0.0043727846700437984,0.022689175384654446,-0.0018713925218019865,-0.02932382770521301,-0.0027361474635674648
2013-01-08,0.0026876983198395,-0.0077780729651711275,-0.0019756437612897687,-0.012312197275980447,-0.005259373091766672,-0.022170102765216762,-0.0028815751045739905
2013-01-09,-0.015752376906269235,-0.00011263714685478202,0.0065516236533825515,0.05131063440524388,0.005633967285774783,-0.022673099122275962,0.002539021514062521
2013-01-10,0.012319658965217351,-0.0037992045158067585,0.004541617480580769,0.022944971651726265,-0.009029217994774942,0.0016368698895130307,0.007918126697481404
2013-01-11,-0.006149784411180785,0.009751060757262054,-0.0020113544228303713,0.013329206926264353,0.013886039988053166,-0.001636869889512949,-6.776406447042195e-05
2013-01-14,-0.036303979884496684,0.017719222899856245,-0.022881787827389827,-0.024574329791160126,0.0022338479490828607,-0.0008192290222219755,-0.0006808106828724536
2013-01-15,-0.03205767129983328,-0.0030479498174757935,0.002320180108530524,-0.027847934630571447,0.011830014341158854,-0.018197431882305617,0.0006808106828724554
2013-01-16,0.04067005526873504,-0.010983261640441905,-0.013526756019337548,-0.008340277700022594,-0.006266910433418612,0.00913994841042869,-0.00013638424146258563
2013-01-17,-0.006760891641069065,0.005747061170978341,-0.005425845817456477,0.009668293097621081,0.0077361089090125235,0.013147460943955453,0.0064396741720667275
2013-01-18,-0.005345044107618411,0.006044970741043544,-0.009619730123916424,-0.016053782861234864,0.0,-0.006552017513502707,0.002227095644845907
2013-01-22,0.009494574075394922,-0.007117759652806907,-0.0023307936945206813,0.03544008128373924,-0.0036763983611759663,-0.004942233294057103,0.005378754255102463
2013-01-23,0.01813939870903498,-0.00772800710477371,0.0535031239465421,0.002924362344039424,0.016800975336219284,0.0016504815429585228,0.0016081922364347434
2013-01-24,-0.13188423634828586,0.019758008638369587,0.016995749640519094,0.008400749905271825,0.0007239268131577718,0.004933573162470281,0.0002681315184570984
2013-01-25,-0.02385624811509156,0.03778364875148509,-0.0007161831458407963,0.014692079747329221,0.009007431643388375,0.017887146140225577,0.005606164131077153
2013-01-28,0.022367611232525068,-0.028393246114923203,-0.003908402967218968,0.0290600928389781,0.0010755242098104301,0.015987208757149405,-0.0011983740453369949
2013-01-29,0.018588811185386994,-0.05851891232101578,0.003921497880377374,-0.05312661470199631,0.0035764679388760687,-0.021644195838482073,0.003923406567923639
2013-01-30,-0.0031472413005115794,0.04656537977968899,0.000199164766846123,0.014509279274805347,-0.005728844124276766,-0.001621742916196218,-0.0039234065679236395
2013-01-31,-0.0029375262444053052,-0.026977441581677877,0.002464333025087142,-0.008357481778982235,-0.01446641543504637,-0.004882017334125042,-0.002468911502755774
2013-02-01,-0.0041141069590763845,-0.001884985959821617,0.026005708116311217,-0.0411853078790997,0.017335193870841818,0.008932132724849167,0.010234684895349087
2013-02-04,-0.02522585992483696,-0.01912515211319708,-0.02160886421433166,-0.05603115963289188,-0.017699465252653448,-0.017122063129325165,-0.011304161418082177
2013-02-05,0.03448618210411437,0.02623188374616175,0.008814655591980308,0.01867892122709841,0.0021842422907194653,0.022764641338581675,0.010047279386275842
2013-02-06,-0.0010709963353061859,-0.017652706892667982,0.005768493945484315,0.014214125507844604,-0.005835396996984618,-0.008070950683784293,0.0007276686606428298
2013-02-07,0.0293004530911958,-0.007617967809151701,0.00489603112001809,-0.013865042787094453,-0.0021967795531001835,-0.004059772324561073,-0.0013240706681533533
2013-02-08,0.014334711168623747,0.006587751286707546,0.014647702043734697,-0.003496457352449248,0.009848583756605016,0.006488144799088841,0.0055495170835644925
2013-02-11,0.010367438069869818,-0.018260736244926655,-0.003763359342570189,-0.010209629870184226,0.011189286546073925,0.011254322395114442,-0.00019792548669114062
2013-02-12,-0.02538550379676773,0.0057762236732445,-0.0022006743492771126,-0.03199975780192755,0.0007176027491344919,-0.006415924637581731,0.001645676228716302
2013-02-13,-0.0019043105879102938,0.04078796395257101,0.002762915474691272,0.019537468359406084,0.005366090714843155,-0.00483839775753272,0.0008549205026816335
2013-02-14,-0.0008995377071586494,-0.0008539183767494366,0.006315784114524503,0.020919162760896608,0.0003564366041206381,0.028687575965951607,0.000919698521660786
2013-02-15,-0.01387656879804566,-0.015533746883196278,0.006414922330192493,-0.006335957594558041,-0.0010705351702772366,0.0,-0.0011825623224919445
2013-02-19,-0.000369415717351856,0.017426197954828675,0.017453160607663533,0.02131093536767235,0.009672549193633563,-0.013444734198031669,0.007466507047316733
2013-02-20,-0.02451598334687379,-0.012459114715553452,-0.017995736009820674,-0.0163796004908009,-0.006438043754083314,-0.014434658171269486,-0.012541707734743404
2013-02-21,-0.006235494359317706,-0.001765789299646144,0.0038665894398879712,-0.04234566547415676,-0.013728269922183324,-0.007296328395739339,-0.006097744483883606
2013-02-22,0.010592681765576057,-0.0019572441542501685,0.005240649657845289,-0.005513768624362739,0.009773919119513167,0.018541506655289204,0.00972542464327723
2013-02-25,-0.01792808047366304,-0.02113198292599414,-0.011242071708461879,0.005147081488718753,-0.014148498903152545,-0.01772827459001631,-0.01921032860982657
2013-02-26,0.013837986788064102,-0.001964397427503926,-0.0008098137139539163,0.004390836023701886,0.0,0.011791011758726497,0.006822334002647464
2013-02-27,-0.009848602249156384,0.014887090238741645,0.012139426327116388,-0.01916775501661176,0.015947816124164814,0.018423175689022346,0.012519468727697661
2013-02-28,-0.007156006307662336,0.003867129526355725,0.0017737510845712246,0.014043281853444682,-0.0003595539310178922,0.0047504955460437644,-0.0019768828562735474
2013-03-01,-0.0250734926570468,0.005547055247368278,0.006208957472473522,0.01926277836763447,0.005381039949965464,0.0039409064590122935,0.003292929263787946
2013-03-04,-0.024504090082259438,0.027356309833933418,0.01881257895812609,-0.0021621875106833085,0.007130221884557682,-0.003940906459012217,0.005310303004263111
2013-03-05,0.026059040981665737,0.009039579961338898,0.020601760591751388,-0.007241127569021581,0.007079658841982195,0.0109973407755497,0.00891922415546336
2013-03-06,-0.012791981501595327,-0.006552875975793251,-0.008646790511107826,-0.0025467109380935063,-0.00921356756350379,-0.0007816049790843198,0.0013602686100415678
2013-03-07,0.011492261287392757,0.00032869349231036296,0.0014663833403502644,0.04034079785823659,0.0017786983168528476,-0.0023484870737886447,0.0018110436809526094
2013-03-08,0.00264387334409047,0.0011312474685721211,-0.0012979777807881664,-0.02193225609610195,-0.0049876631572259,0.004691671979140562,0.004254883286014809
2013-03-11,0.014145229470982176,-0.010817261482041911,0.003960748665646443,0.006417207153176074,-0.004653800759952922,-0.009404549662716385,0.003788732909171729
2013-03-12,-0.021794987858693143,0.010598392254487573,-0.008674094156628339,-0.011077510285935083,0.001434253286990242,0.003144553042233426,-0.0022457743918321317
2013-03-13,-0.0001866404605689282,0.0035322259283076833,-0.002782875901590813,-0.027319087668466552,0.00035864101813135415,0.0,0.0014118166313429486
2013-03-14,0.009641890470401083,-0.03461631148111507,-0.004578631081166737,-0.0014782608799242176,0.007848569612057215,0.0007847718802045363,0.005309702917235681
2013-03-15,0.0254760342745148,-0.01486115032285162,-0.00885176221828232,-0.014528123051330687,-0.0035601479572816494,-0.00866523008259507,-0.0013209955966581779
2013-03-18,0.026820104604024605,-0.015124094188523403,-0.008026777582780083,-0.00602181961847326,0.002137626058672586,-0.007145769923368185,-0.005534200584672964
2013-03-19,-0.002702681480487014,-0.0057553652523780795,0.0043604905063237085,0.0022623256228103223,0.002843106303833955,-0.006394387463165378,-0.0023256113033046856
2013-03-20,-0.005316987777255824,0.003387255894394084,0.004169802727199736,-0.02633223582591192,0.0049554680371988085,0.011956525007971555,0.006961463194053452
2013-03-21,0.0014369768252971463,-0.01523517939024263,-0.004243647817815447,-0.0046511495669465455,-0.007442691555688242,-0.015974565662021253,-0.00858012161968907
2013-03-22,0.02007395494791124,0.01706027658731737,-0.0011717967154464771,-0.0003887045025837503,0.00496777813223043,0.004819385836983448,0.008001379702859428
2013-03-25,0.003608983135403349,-0.006734569681111177,-0.0008272274616988942,-0.023595242942430247,-0.0031906778189917024,-0.005624500431417153,-0.004185845709291306
2013-03-26,-0.0052772221752539275,0.01661769533313782,0.0034278183600907324,0.003178527321285644,0.0,0.007225780481526057,0.007970665058127279
2013-03-27,-0.019842692733357745,0.01898805327643832,-0.01208630012593051,0.03431127301126667,0.007429608503287727,0.011928611870258062,0.0
2013-03-28,-0.021057239961054616,0.004475438722597842,-0.010608517137527466,-0.019741304750857485,0.008423923890865855,0.014128651129675813,0.0030684482889174742
2013-04-01,-0.03155471094074334,-0.018481907426189808,0.008775347160115394,-0.001956461967109818,0.0,-0.03328304348145991,-0.003965029238121494
2013-04-02,0.0020494762884562703,0.006515232092620059,0.014682227687211866,-0.004318039400424774,0.00661907367749333,-0.010530821830669385,0.004922789346270538
2013-04-03,0.005105968908443256,-0.016426170019588543,-0.008448326390238035,0.03212974095201554,-0.008368116267711863,-0.012290029353761492,-0.010191251942404798
2013-04-04,-0.009933763195214817,0.00019305043528324448,-0.013901733212339144,0.030760079772624602,0.0013996262811513587,0.00984409833583042,0.004049960941889866
2013-04-05,-0.010623719171222476,-0.013992788997167417,-0.015233669299266981,0.011751965678411998,0.003490233269008832,0.016997714154693994,-0.004501167750481952
2013-04-08,0.007087341576689528,0.013490868714485859,-0.010527198112138904,-0.019912246186095942,-0.00384001773614318,-0.002411276511362516,0.006744753554176986
2013-04-09,0.0018045425344908074,0.008421663702911121,0.003607426752264815,-0.009730606539894264,0.035055278109068305,0.015962430112081497,0.003450529774299257
2013-04-10,0.020193986712234418,0.013804823256586909,0.015984130985486802,0.03619302896321807,0.022375255546180885,0.015710928574647596,0.012174078253323888
2013-04-11,-0.0031261884042577234,0.019004774175746614,0.0002656688409151886,0.01619029263631432,-0.04526280614773599,-0.004687707084516239,0.0032722363384750605
2013-04-12,-0.010484787699276662,0.01112924365668766,-0.00043029600637934284,-0.022375457971316935,-0.005196563787947233,0.0247502936180271,-0.0024531131404939843
2013-04-15,-0.023422786258228565,-0.019053881045114716,-0.010330879459532604,-0.03264390941274661,-0.0034793846485747914,-0.02084186255708062,-0.023446207749561163
2013-04-16,0.01510537681085393,0.01710962394808289,0.01452446251795993,0.01497034193027872,0.009711850470952911,0.010861030473391015,0.014654523402027182
2013-04-17,-0.05656256154553479,-0.018305602134173975,-0.013719067163666169,-0.010831108535484434,-0.004843931963883636,-0.013204215378743039,-0.014719407905646008
2013-04-18,-0.027050759057047943,-0.03029730795876459,-0.021506106693112564,-0.035936606028494335,-0.0013885338584944484,-0.019740118571276,-0.0062729046781036584
2013-04-19,-0.0038843224656736554,0.003463279494992381,0.043384619196950844,0.0015557334694395097,0.033472929384495725,0.002389741289863816,0.008655945414930937
2013-04-22,0.020628973697833182,0.01233145828753592,0.00029993819300647894,0.009284505229657543,0.03498732485615522,0.001589722093685457,0.0044278440439894555
2013-04-23,0.018539469232839532,0.020096454644655336,0.009689126725452505,0.00038503914824987066,-0.00748842112489436,0.025873581074117396,0.010256484052236208
2013-04-24,-0.0016508630855115258,-0.00044632980681967344,0.006846104130807371,0.004991329767040853,0.03720764681712382,0.03348845463679405,0.0006337768651120543
2013-04-25,0.007175612669148912,0.021786357335119685,-0.005361912055533177,0.0011482651279936915,0.005651654838939995,0.00820015200531827,0.004045251785384144
2013-04-26,0.021367737507200748,-0.07516136337835437,-0.009537290975470495,0.026799152215744,-0.0047076143614786445,-0.004464672484491622,-0.0017679343161144919
2013-04-29,0.030498540756987106,-0.020097790769472653,0.021772186194234877,0.004829989769541885,0.025467144676397713,0.01186086608945397,0.006676255452950131
2013-04-30,0.029008546207306283,0.016165562090550912,0.006704701398582093,0.028860544556715998,0.014914338674943368,0.014631204303774856,0.002382514201889325
2013-05-01,-0.007912812627270567,-0.02223024215966731,-0.00503356397854643,-0.012318973332217716,-0.011546472851249002,-0.00875297144589909,-0.00880624732980201
2013-05-02,0.014082142464534032,0.01725348179558664,0.011127209677940819,0.05462342238639215,0.013357827867791017,0.011653530588869088,0.009244684952325687
2013-05-03,0.009961149964274977,0.021544160737287873,0.01923256395137403,-0.023045706624393016,0.009902510872642302,0.004335263486958501,0.010089452111148553
2013-05-06,0.02356567242852018,-0.009070260831367118,0.018544650210909362,-0.026486854332715467,0.007733539369874587,-0.0028879935367733334,0.0025384641705929025
2013-05-07,-0.0044595707666591055,0.00782943755461778,-0.005026720729836083,-0.02497385129780564,-0.013122845156490762,-0.013100800539054356,0.0050549947543619056
2013-05-08,0.011230145376665637,0.003679224613920798,0.018950789445353285,0.00851711334226987,-0.009653129605780582,0.018149352002499685,0.004540816936113992
2013-05-09,-0.008762436958655357,0.005705077340573752,-0.002464079801778509,-0.0029542690140380427,-0.010053567039317875,0.000719303722879245,-0.0028198979311768037
2013-05-10,-0.008354162141294152,0.013249782846477586,0.009990309248931985,-0.01340296792174098,0.0009181096084141479,0.044295384023618635,0.003248281252888805
2013-05-13,0.0038997683259262435,0.0033324278980397387,-0.0030722125131626963,0.005233525156398757,0.010346825343931394,-0.020848729707591898,0.0007953144989638118
2013-05-14,-0.024216336323570013,0.014338507293712395,0.010846736892602507,0.009278307819276216,0.022012239389372655,0.01463945497504942,0.010281478130139615
2013-05-15,-0.03440205381651517,-0.006618209006558179,0.03193847417827494,-0.017514896281531606,0.00949853837132481,0.017153375104726847,0.005371672155071784
2013-05-16,0.01327277416778051,-0.009195793961970818,-0.013210776698872767,-0.017827218396882547,0.00677181138695574,-0.004773493976039572,-0.004706392572511283
2013-05-17,-0.0030419047264997542,0.021647941375303893,0.0058576306070062065,0.0045820349057896954,0.022916062763788648,0.016271707505724663,0.009630103047536826
2013-05-20,0.02207356442421792,-0.008446063705273284,-0.0007152555761309267,-0.018843129493055142,0.006004282034528725,-0.002019564334138793,-5.96652303434312e-05
2013-05-21,-0.007409831168736834,0.004585338269398292,-0.001718499532421048,-0.0038894866904582892,-0.006577936331219519,0.010442903178193103,0.0014366583328140328
2013-05-22,0.003836369374271268,-0.022188874740254917,-0.019539918148092413,-0.0196779488621302,-0.006910584916469339,-0.03547452256994098,-0.007445470280631465
2013-05-23,0.0017882215907663562,-0.004421046234954667,-0.007482150055655988,-0.003982502074445236,-0.013379811821236768,0.015846225227827655,-0.0028967885894997493
2013-05-24,0.006784951028723694,-0.0002292286669446575,-0.01078529127193806,-0.03038519579980103,0.003507326955176159,-0.006170952993037381,-0.0008467236369787733
2013-05-28,-0.008369125611311848,0.020982578256073952,0.00906213695293791,-0.008675808317494087,0.021649172517686343,-0.0006878128815527818,0.005970932770911897
2013-05-29,0.007919590245318906,-0.006606405036446346,-0.014815366542683301,-0.032900608480952574,-0.004005911525483739,-0.006213467349418131,-0.006515412488546437
2013-05-30,0.014790566626788206,0.004883962971550392,0.0028176638591201225,0.051400515905741004,0.004291354235168407,0.013072233224008408,0.003685257432697418
2013-05-31,-0.004104955080729705,0.008842827947810024,0.0005280487623678596,-0.008179966695265455,-0.0037179261858581525,-0.010996755370007754,-0.014456139396907488
2013-06-03,0.002198977837524563,-0.00865549172573931,-0.0041291267399570656,-0.02074773539166353,0.019577855542789804,-0.001382937422124977,0.005491198403183999
2013-06-04,-0.0031333172996984827,-0.004431267598892252,-0.00988013078502897,-0.013933009892439287,-0.01700238901055151,0.0013829374221249369,-0.0048183278190514055
2013-06-05,-0.009391725444209485,0.00551728322013946,0.0006983678448243188,-0.02671421225659124,-0.006019839486575638,-0.02165599425415251,-0.014100008316045874
2013-06-06,-0.015052430579366187,0.0024673617037049046,0.005729624601134043,0.0030520293572894245,0.005162287229649903,0.0063353132411679775,0.009012621299587405
2013-06-07,0.007610887403093438,0.033195605661824695,0.017301827557962845,0.01383516907777543,0.02010510132720152,0.013937743590859487,0.012640450724653486
2013-06-10,-0.0066309045869088765,0.015055669251787106,0.011853575424904684,0.043686109621006296,-0.005622511212132931,-0.0006925404318757066,0.0
2013-06-11,-0.0029436160232785002,-0.022632960298703715,-0.011762604013177563,-0.012407088152671154,-0.017920974008021038,-0.018874737633841576,-0.010369279364318787
2013-06-12,-0.012439620295987538,-0.01138271312266039,-0.008939469896778492,-0.010878918358270952,0.0045816900809642815,-0.008504764308648298,-0.008311915102959429
2013-06-13,0.008684885045336925,0.015051635999185553,0.005740337637734843,-0.0016841223883680935,-0.008032205494864749,0.022520465528495452,0.01509475844956918
2013-06-14,-0.013648745178711966,-0.006548108197605763,-0.0022372853721288662,-0.004223081237618752,-0.00925921967833616,-0.001392834516634489,-0.006292673566524719
2013-06-17,0.004523590933716804,0.01474529346354327,0.012729382180124963,0.016369830974629965,0.01729142517320095,0.009708993459511414,0.0076924271410745105
2013-06-18,-0.0005320796283409774,0.01321875690719595,0.0160843621118365,0.007878858230110742,-0.0005715895408214967,-0.006231114532701826,0.00787434463552013
2013-06-19,-0.02052111819303495,-0.012859178717406966,6.677521351077305e-05,0.004122038004782331,-0.011211867423430945,0.030098039526348846,-0.013913596484688788
2013-06-20,-0.014669698996030362,-0.017114272806039152,-0.01785631633797259,-0.0170093107408718,-0.03231760128027035,-0.027324047522529368,-0.025090572305334728
2013-06-21,-0.008045104363069152,-0.00029259035034523645,-0.004315666646887814,0.02601845674296704,-0.006590628770400169,-0.0013858126505589925,0.0032054312610698492
2013-06-24,-0.026863075764093306,-0.01011092357699874,-0.012726432262014446,-0.024346303368982667,0.013434708076993452,-0.021023986749539175,-0.012716444989072536
2013-06-25,0.00022371757047972096,0.005454180042599709,-0.004135929617782041,0.01286595824972028,-0.0014840322110081345,0.0070573115386738106,0.009567784827124975
2013-06-26,-0.011390216779292346,0.019940272068775116,0.008564028785987948,-0.00371812807887478,0.019994368562230403,-0.005641714605398533,0.009852639482155676
2013-06-27,-0.010835607853634932,-7.20856300632063e-05,0.003906996102266619,0.020484146365400805,0.007830041610986521,-0.009236309985696302,0.005852903286098929
2013-06-28,0.00695973929039861,0.0005042842626657888,0.0037553484606241347,0.008881689988993679,-0.002312928418036896,0.002138655597655112,-0.0041058200919483956
2013-07-01,0.03150083574131079,0.015756234392311146,0.008494330379894244,-0.0028174764432320684,-0.005225290396305998,0.0042648161641635094,0.005842248669579216
2013-07-02,0.022400116343080326,0.005761467673002256,-0.006293033471617155,-0.016253916180569032,-0.0122988530823488,-0.000709102580859819,-0.000929996754471658
2013-07-03,0.005504833517846847,0.0010568088604169046,0.00465866224955103,0.004496381938048535,0.0020601935417122567,0.002834483234657879,0.000434683386700806
2013-07-05,-0.008064602923990447,0.006492257313242818,0.007933010807813319,-0.00613631243398876,0.005863375956846761,0.007754641545449356,0.01073053451940289
2013-07-08,-0.0056940617109570895,0.016341220106290986,0.012899226144086146,0.0138549712456176,0.003501797667859695,-0.004927719142388579,0.005688793433160834
2013-07-09,0.01743540298709409,0.003229572752903339,0.00016584979081263324,0.03068595633407434,0.0005816631192864749,0.004927719142388647,0.0071717018119901235
2013-07-10,-0.0038432638273257886,0.0027403820850781216,0.0008280706708606466,0.012480603343588961,0.01013843790231882,0.013254706336431703,0.0003626765431223984
2013-07-11,0.015471562738532195,0.024765191030825195,0.015606204797322545,0.00038750144107159304,0.028130731432148153,0.013764545379029679,0.01352893728557543
2013-07-12,-0.001827093011828844,0.02598916299096117,0.0029947438714509967,0.003867074162107602,-0.0005607316085698633,0.0006831130808145264,0.0004180626564394656
2013-07-15,0.0021783600966393496,-0.0031915475130483415,0.0018291903046411002,0.01417918786079375,0.013920184663947677,-0.0020510030796734528,0.0038130826117203373
2013-07-16,0.006436487590603364,0.0009781132337143296,-0.005508790648911106,0.0015208328775097519,0.0027608317793821626,0.005460803766843909,-0.0037535989501636204
2013-07-17,0.0002555908524821531,0.005913306179670692,-0.001153187176564363,0.012460041283874757,-0.01472038359141222,-0.0054608037668438265,0.0025634453474871807
2013-07-18,0.003363498920783971,-0.014948065285195457,-0.008604937559586485,-0.01779339933849827,-0.008429349252900295,-0.004115283886168692,0.005463262111910948
2013-07-19,-0.01589787615145657,0.003676159292773985,-0.01558160767448742,-0.011525200724052158,-0.12103329349765839,-0.021536077830433802,0.0017748730225769578
2013-07-22,0.0031950441528111697,-0.005749917882941064,0.015603536025759455,0.006547176074549338,0.019240456087233165,-0.0007023979950739062,0.0019484392659883582
2013-07-23,-0.017319766597403495,-0.008006086055993981,-0.007605305784866243,0.0030662974148515983,-0.00595323358029974,-0.0014065475086820689,-0.002126275812358065
2013-07-24,0.05008634354277536,-0.007066756093342382,-0.0009963300153736957,0.014438056661156372,0.004389861169381273,0.0,-0.0036721216256457695
2013-07-25,-0.0045734459994896245,0.014809217701387992,-0.016977748121641704,0.25937094981486075,-0.01799553026481944,0.00351253188469676,0.002430177799612062
2013-07-26,0.00566234843398369,0.02798317348087875,-0.002650859149838296,-0.010238409278300472,0.007300430714194759,-0.004216413283982452,0.0010648568197790063
2013-07-29,0.01530209080855923,-0.019123379533595435,-0.0034850843229729954,0.04090427042381297,-0.002533239787449625,-0.0021148922393469287,-0.00307953864014743
2013-07-30,0.012274177546397128,-0.01212817908251155,0.00975648972879389,0.060242775862489335,0.009780833348771804,0.016795209162704983,0.0
2013-07-31,-0.001744630134083428,-0.0039428006363923475,-0.003564437482770482,-0.02230382391224977,-0.0003143122307333932,0.002079528471136626,0.0007115738014758148
2013-08-01,0.009129283494076162,0.014337972795816728,0.018382635036774547,0.018576339533155673,-0.005353406105139873,0.013755346304822901,0.01149169924541732
2013-08-02,0.012749840685484326,-0.004460622122421065,0.0025955256554111208,0.014826887546898336,0.006922739103534992,0.008163501471317308,0.0016983184259030273
2013-08-05,0.014828812962114024,-0.010641164315686208,-0.0017333787865456449,0.029520566126868646,-0.005975702185980603,0.004731554544889469,-0.001463579638619169
2013-08-06,-0.008986925224961808,-0.0007976923071020597,-0.009358667763324459,-0.016465435630584713,-0.0037928036003480768,-0.01494605909588007,-0.005698695193032627
2013-08-07,-0.0005804549208323314,-0.012850318159893495,-0.006624800446817422,0.008266704932073491,0.015085295511141471,-0.0006844285689013335,-0.0032458429094801597
2013-08-08,-0.0019935354640289896,-0.003948392239609037,0.0022543488108973516,-0.008526227821398847,0.025559406724342502,0.006825816861440486,0.003658043886189848
2013-08-09,-0.014332118673804463,0.005126501251107817,-0.0025236191764203397,-0.0010382674702716637,-0.005793629642550252,-0.014388608988806232,-0.002889984501797988
2013-08-12,0.02801203372590066,-0.0019193273373704458,-0.005518492720235316,-0.0072993178087823124,0.00518571378062451,-0.008316158942876873,-0.001181994475908771
2013-08-13,0.04642746713334044,-0.009210144221576238,-0.004822302445826515,-0.03190068517938747,-0.012641289287256252,0.0034732237634353042,0.002952481994950244
2013-08-14,0.018076322275041298,-0.008986702783541713,-0.013066637391645809,-0.010044870727472717,0.00371651178324498,0.04143231451125765,-0.005142604510169816
2013-08-15,-0.0011842901289104318,-0.01685720047282765,-0.011737796420563018,-0.0024587619845191726,-0.0174624019092655,0.006631265051043282,-0.014084951664973354
2013-08-16,0.00883818221054578,-0.0057763821457983075,-0.00320387527239345,0.0141231879803349,0.0003146397341041798,0.0039575014944509745,-0.003310964474866532
2013-08-19,0.010712162989228906,0.0026297410331214102,0.010147644371160955,0.019495670212007318,-0.012976948115783015,-0.015925708166505435,-0.006412956581061768
2013-08-20,-0.013223618794430533,0.0053085875488300864,-0.00026573290614329107,0.015744302341064678,0.0073004970088911625,0.005029302394303262,0.004903812684947871
2013-08-21,0.002571052560289891,-0.00881644796097204,0.004507883883175309,-0.002345965844067041,-0.0003158460053583274,-0.004693375563730492,-0.0061789453220514115
2013-08-22,0.001193155540329203,0.017970145335447177,0.005025675921675145,0.005984231370418875,0.02437540515954116,0.005362172449963058,0.009073706543266395
2013-08-23,-0.0038639170547661887,0.0009659461337307921,-0.004014017026102565,0.05057954388117115,0.07032994194296846,0.0,0.0033670986103734577
2013-08-26,0.003884372432634575,-0.013189568960891412,-0.004399453453424585,0.019294791081753523,-0.01741644974405182,0.0020029479677787423,-0.003728443200356805
2013-08-27,-0.02900703288779902,-0.01862027459698588,-0.01892228760995637,-0.04199181815551033,-0.02640736905148619,-0.012756029077301433,-0.016214799380011684
2013-08-28,0.004717115603872212,0.0023110899866578324,-0.0018837757747773803,0.022697027073756825,-0.007241909426045485,0.0,0.0035446420249379846
2013-08-29,0.0016279309624014475,0.008487205768098971,0.008075241044280469,0.017842248496601605,0.01592328436840051,-0.0020292037165820795,0.0015847454543151983
2013-08-30,-0.009152880896481452,-0.01062036118227536,-0.010021657025644152,0.0002423918222234115,-0.004481084752637962,-0.0013547489969749883,-0.003172006313589218
2013-09-03,0.002787409268225969,0.027450900741406745,0.015791540097909215,0.013949153051138202,-0.0465770489267624,0.0006776900307842151,0.0045118160721976126
2013-09-04,0.020481758517411408,0.016620160195735267,0.012990791731001523,-0.0021517108288597207,-0.02156081703085881,0.009440263162901683,0.008238459827414349
2013-09-05,-0.006881760129615578,0.0015653022165719257,0.00905666122491337,0.020843950716959523,0.0009612358597147962,0.0026812094216552298,0.0012665524089596116
2013-09-06,0.005938683661449549,0.005966544049003132,2.296717893803291e-05,0.029790850881025472,-0.0025649806519453004,-0.0040243012422245825,0.00048191755686104057
2013-09-09,0.015830733403111863,0.012928978446553602,0.009583554990309582,0.002045754544992008,0.016239997327465085,0.016661629376006973,0.009530457564583003
2013-09-10,-0.023042506810173714,0.0021663689957090995,0.0006978206235025016,-0.010041246436232268,0.02279520008523899,0.020929373754789735,0.007370031234321319
2013-09-11,-0.05598175654829368,-0.0023999543583138063,0.008426511720944038,0.032493857540123336,0.010748555172648567,0.01668828836698601,0.0031333748530462586
2013-09-12,0.01059150827369524,-0.0026065519132503056,-0.0034986297671310597,-0.006459627163588564,-0.0015288163388287332,-0.0006364535959835878,-0.0026599832346556767
2013-09-13,-0.016617256762156144,-0.0031502376487780033,-0.004477855055636479,-0.009880971437229023,0.010346765959343245,0.006349196422600711,0.0022465858095493288
2013-09-16,-0.03230855230775773,-0.006262821048913529,-0.0014744455373534907,-0.041471073690753694,-0.006987619978001616,0.0006325874920351583,0.005770851000591423
2013-09-17,0.011486454891191992,0.027024582719098245,-0.0018604548166041522,0.05847766039523049,0.003955955482687982,0.003157509834113759,0.004453037870389199
2013-09-18,0.020348677993419637,0.02551255905742245,0.019235759854204847,0.0035436452384911164,0.01177343908340861,0.008788464659977234,0.011507360215387659
2013-09-19,0.016265468895063896,9.614829509685138e-05,-0.00547262369039523,0.01644591242218729,0.009558015248425162,-0.004384378248588881,-0.001677364329845343
2013-09-20,-0.010407597888127614,0.013622152170123327,0.005240171711532621,0.03231274907678711,-0.025591750392374758,-0.008827332643552113,-0.007016124869563043
2013-09-23,0.04850336143017719,-0.01545036876341904,-0.018563113953245246,-0.006337228450174299,-0.0015259890646598681,-0.009545330883822294,-0.004637974749224917
2013-09-24,-0.0031435816174727863,0.008439675995731834,0.0003833154186689226,0.026350310806256473,-0.008897466838501317,0.003829283367236793,-0.0023572659075262554
2013-09-25,-0.015598482420154025,-0.004722581876286291,-0.010895287782295114,0.020631936017244213,0.00184731255536076,0.0012730683637738026,-0.002894088623503568
2013-09-26,0.009692851926876288,0.017344344231299522,0.00107095195858897,0.018628499744354203,0.007965914247512692,-0.003185917678784108,0.003838038190469934
2013-09-27,-0.007162108221121009,-0.006654825378340671,-0.002029024722022836,0.0167277600803337,0.015142613069316491,-0.005759866141622842,-0.004606705073702178
2013-09-30,-0.01250677368359073,-0.010721486442218667,-0.000547907703317671,-0.01990810655146786,0.00030022830708637097,-0.001284597087431951,-0.005343619138967253
2013-10-01,0.023241302077624124,0.026233018889677946,0.012581744320374198,0.0037755703159241174,0.008974346721864406,-0.0006429178952704875,0.007885544457931019
2013-10-02,0.003273353278703655,-0.001371949612563588,0.0011155161443563563,-0.0027806203144937394,0.010073978014996814,-0.0006432497127482442,-0.0009456795341819847
2013-10-03,-0.012641779502387528,-0.018102997845028192,-0.013491737892061486,-0.02212034119476434,-0.0017702498686705801,-0.010349330659452425,-0.00926348643917795
2013-10-04,-0.0007864959926392973,0.013506027395252761,-0.0042781117650966495,0.03712264051080484,0.0005900448602537575,0.013561612547886815,0.007548264555886766
2013-10-07,0.009724404222058227,-0.02864739037217301,-0.0076060513539441465,-0.010240331558125761,-0.017267239099411472,0.0,-0.008682658381432732
2013-10-08,-0.014060549607941753,-0.02217748340240622,-0.01404003145519033,-0.0692475330407084,-0.00874697632916012,-0.00837355869727422,-0.011714058216027353
2013-10-09,0.011679222759165227,-0.016626592597698706,0.002562180751524776,-0.007879838627645006,0.001816002392332069,-0.01564561423651535,0.0007241483589591008
2013-10-10,0.006248386095721684,0.02300400552259496,0.014361236621223494,0.04759819486194841,0.020650244868424157,0.011107582285479955,0.021328953799871164
2013-10-11,0.0064538691141654315,0.01857016956166753,0.0043099036568809345,0.001222507940633769,0.010900060845515527,-0.008482671900130061,0.006422542095183712
2013-10-14,0.006532451978791031,-0.0006113678646902032,0.00471357965736129,0.008111952013966629,0.009332499152207076,0.014959018530535549,0.003986059975843896
2013-10-15,0.005308088377531928,-0.013936388630454913,0.006711823408973992,-0.00020191170003557357,0.0011602192236201702,-0.005177651526909029,-0.007280318436785178
2013-10-16,0.004861265389258765,0.01326026990920579,0.018000047544910268,0.03259433807750367,0.004339239662775216,0.0122541644119057,0.013869290863286256
2013-10-17,0.006741755569496247,0.0009013900805812849,-0.0103422991368992,0.020707027021481035,0.008051118608679728,0.0019210176488237902,0.006660881681523111
2013-10-18,0.00866446976330983,0.05679193155085493,0.12923958361561985,0.037775827432497085,0.0011449432175388741,0.011450695662368702,0.006731829588033132
2013-10-21,0.02420905369418494,-0.007598814035558018,-0.008050702912243437,-0.00684750620486823,0.0008575010611255899,0.002526676645638838,5.707521610437272e-05
2013-10-22,-0.002862211687918371,0.01851400679951153,0.003680804849539388,-0.021966451402548545,-0.01178691969661564,-0.005060317753807826,0.005774862534638518
2013-10-23,0.009743009081245719,-0.017534285936897386,0.023951297824397356,-0.014917182408257257,-0.023998662074846487,-0.017269013522327653,-0.004800563520652648
2013-10-24,0.013152416128605113,0.016541402969775063,-0.005697798555708908,0.010541578698776673,-0.0011855960598016243,-0.007121918196098249,0.003317028703401448
2013-10-25,-0.011248894675229045,0.08970933772845563,-0.010143239834283868,-0.00957855423284097,0.05789954753696325,-0.009794390926635574,0.004556952631642515
2013-10-28,0.007425303864122187,-0.01449679025150475,-0.00019710844632485745,-0.03366936618924822,-0.004488246796901136,-0.0019705596314132366,0.0015902958953923061
2013-10-29,-0.02522677191586499,0.0125961921490867,0.020710149017186288,-0.016661927311570915,-0.0014064457956544617,0.0013139708691475916,0.0053198610933636575
2013-10-30,0.015784116788406095,-0.004476471150104848,-0.005632253902065019,-0.007926115936823184,0.0005627376475391429,-0.0006566025965787537,-0.004979221951101492
2013-10-31,-0.004200504439041806,0.008136690709960433,0.00015518062000280494,0.02418981645977561,-0.003664316819253801,-0.0019732352859451676,-0.0028403239421158494
2013-11-01,-0.005121468621908755,-0.013913847477843608,-0.003440944615010866,-0.009203723071540298,0.003383052651108218,0.004598145671295129,0.0023861836819058335
2013-11-04,0.012840110980943457,-0.0007245235586183747,-0.0009058022658258834,-0.031236513369860087,0.011473303501944273,-0.029257853025866472,0.0035123456689030454
2013-11-05,-0.0024708511421596383,0.0004180257170074062,-0.0044832385081810915,0.03844664370648852,0.019289862323170013,-0.0013504327234031268,-0.003171880955260901
2013-11-06,-0.002837542489303877,-0.007579711245596085,0.0012034023948957636,-0.019954338496126454,0.04117124047956912,0.006734000480128923,0.005092897497669614
2013-11-07,-0.016315240894818374,-0.036074482319715294,-0.014576617601691199,-0.03227410122364559,-0.017970808069291702,-0.023770237508879594,-0.012724253507577261
2013-11-08,0.01562427436657957,0.019456686643551612,0.007984268249162726,-0.0006310286556990944,0.0074389941443296775,0.06711267104604436,0.013401273300686897
2013-11-11,-0.002905343265850242,0.01155134975103847,-0.005368475199561506,-0.02838135526338038,-0.005041964951756656,0.008319805537593919,0.00016926278893338522
2013-11-12,0.001847973201259621,-0.013780406399571862,0.0011768596046714383,0.008835426062817266,-0.006137103219507945,0.0019105753702451489,-0.0020319855357205595
2013-11-13,0.001191896450492051,0.018959194192792742,0.020242835203416066,0.044069092937288896,0.02118664175343351,0.026986249400324385,0.00799190163516795
2013-11-14,0.014359615204430284,0.030902654693264076,0.002669573171570986,0.005731860819424092,-0.0036755127068982996,0.00432493860884277,0.004977180739818563
2013-11-15,-0.006020073794472655,0.00480601912984491,-0.0016143911335272116,0.0004082200944574192,-0.004745649379567569,-0.0030877924035974938,0.004341688627579603
2013-11-18,-0.01218858946658005,-0.008132220978004097,-0.0019468002143979448,-0.0670854099732061,-0.01705754601359998,-0.02441404703818944,-0.003505524793591228
2013-11-19,0.0017721398386251438,-0.0033920743254766627,-0.006174861045577834,0.011498097276292548,-0.004887420078792243,-0.016380586694913327,-0.0021762162538910136
2013-11-20,-0.008796300408719343,-0.006515384033153015,-0.0028228033014574827,0.0015087042281378181,0.009211418064985108,-0.015008490972938687,-0.0031325273781287965
2013-11-21,0.011852109962526227,0.01736221378430155,0.011437675205971446,0.005798469541901861,0.008593349112154716,0.007858772038337767,0.008036150233329998
2013-11-22,-0.002574912721614587,0.009147041483999913,-0.0021104364150263026,-0.010115355177882108,0.004534637694070408,-0.009832736753759059,0.004990320511976955
2013-11-25,0.007551637161526269,0.011563049436787497,0.013514386140258261,-0.03097435783671917,0.0018615410483800385,0.021505967782779228,-0.00099638574229436
2013-11-26,0.018276217794347127,0.012480196738093181,0.01186153263879836,0.02359278660821375,-0.007734436450844324,0.008346522627212614,0.00027704665533688293
2013-11-27,0.023273771231216857,0.013905035506630687,0.004430672247310861,0.012989905230616725,0.006671375896113175,0.003829309725969742,0.002431906929691065
2013-11-29,0.018348790869225518,0.017710869281356467,-0.003316632631489256,0.011123099136779032,0.01399765211563192,-0.006390002501355589,-0.0006629062806079589
2013-12-02,-0.008742169316135487,-0.003359122943609722,-0.004834129760454586,0.0010629824354616497,0.008357334837711995,0.009569756646666434,-0.0025993306913499985
2013-12-03,0.027007265345075297,-0.019667024633316335,-0.0011576534022912,-0.00703682007733837,-0.0036480834473674438,-0.0006353513022624183,-0.004330328044147834
2013-12-04,-0.0023338001424062942,0.0033739376339479515,0.004660338921600343,0.03964845709706016,0.016311076947128866,0.013880489336576839,-0.00011138281144864489
2013-12-05,0.005119530900154954,-0.0038159396124965873,-0.0007942490838760746,-0.005775527321658131,-0.02443607796932077,-0.01642489217962526,-0.004405165908636368
2013-12-06,-0.013972904419035412,0.006377662894842839,0.011780837513039199,-0.008309267391333952,0.009429206900808573,-0.014758178624413365,0.011115160316220936
2013-12-09,0.011381546945811649,-0.005337939882130887,0.007700205205572705,0.018599552535938566,0.009082952653017949,-0.016949656796126738,0.0025388898858387165
2013-12-10,-0.0015549589173951552,0.0074806274072929755,0.006029300661823337,0.028460871534144276,-0.01562141967789903,0.022750566158751404,-0.0035897303978472705
2013-12-11,-0.007436491138873205,-0.014520251890375866,-0.006817929481293725,-0.01746506854060269,-0.013206725498107032,-0.009686852388571062,-0.011294505352515466
2013-12-12,-0.0014616041366376088,-0.0024625855429347733,-0.006827331805369818,0.04842367866246984,-0.010423700368696966,-0.01965983797373653,-0.003306433247043777
2013-12-13,-0.010960186743009475,0.0078120238753222005,-0.008607399720782623,0.028342331478171112,-0.014341853842581513,-0.005974691493903357,-0.0001127121426385492
2013-12-16,0.005521721213891626,0.012234851548861331,0.011425894953049564,0.009147848310427436,0.005436103558319551,0.0013312365124108518,0.006212969443070481
2013-12-17,-0.004512251103253904,-0.0033993484257500988,-0.0029121087677715105,0.019325203911314107,-0.010080508067765575,0.004643454981492627,-0.003185545194569185
2013-12-18,-0.007632511146456862,0.02121035808747454,0.013821899638034773,0.012858881312427564,0.0016417432655113904,0.013801884718724147,0.016928697569001176
2013-12-19,-0.011523012202807858,-0.0019465256142438374,0.0013542926591533922,-0.009401615684869328,-0.009062778072544872,0.003909222127721227,-0.0011566419460176305
2013-12-20,0.008341060270858772,0.01758282029591539,0.013169819559386753,0.0012708359929530296,0.015058799805723437,0.019955396780519562,0.0058001251555339865
2013-12-23,0.03765886443192215,0.0017885188408174432,0.013070333829359623,0.0469570264997233,-0.004903209691926444,0.005719884238571553,0.005328170186073935
2013-12-24,-0.004253933187145594,-0.009275527960813797,-0.002927746765386154,0.003283401239836565,0.012483019252482033,0.0025315202180689472,0.0021887787768581426
2013-12-26,-0.006663383240286171,0.012917239903541397,0.005041910997418683,-0.003976005479285087,0.009662520211582364,-0.00952689138658991,0.005071088608044749
2013-12-27,-0.006779374236609371,-0.015726782093232333,0.0008408170345221053,-0.04047572099494609,-0.004014991892526395,0.005727163665724569,-5.415094694612501e-05
2013-12-30,-0.009995087471338843,-0.011902265821576153,-0.008025589490686194,-0.03170217126511833,0.0,0.013236871619023661,-0.00016348659535245601
2013-12-31,0.011654003250769695,0.013684312548159876,0.010088872499874123,0.017350089240546655,0.0032130980829143457,0.003125842685363971,0.004722202400843296
2014-01-02,-0.01416335417431566,-0.0020583553089593668,-0.006795495018732629,0.0010972357244903642,-0.006705371621578831,-0.010037619651194691,-0.009630079722727562
2014-01-03,-0.02221096967619083,-0.0038519168555408954,-0.007321454640388845,-0.002745420281760752,-0.0067502021549399015,-0.01205225831891767,-0.00016421573695469207
2014-01-06,0.005438514189616595,-0.007113375515583103,0.011087539012631617,0.047252868627228925,-0.021358989656658375,0.013312633859677276,-0.0029024247580959482
2014-01-07,-0.0071774778375104835,0.01111605917106511,0.019094798996085828,0.0125087913415456,0.007719765136105058,0.016240063587584057,0.006123294625405843
2014-01-08,0.006312750732240643,0.009725682651672687,0.002078885279511679,0.005337921326749207,-0.01801302729556169,0.013538883397115448,0.0002180407671579592
2014-01-09,-0.012852228033352278,-0.00226668921924171,-0.009676641540502894,-0.017497141830983724,-0.0064529269132839635,-0.03799888377198489,0.0006534303339708721
2014-01-10,-0.00669479246981268,-0.008389068361873763,-5.3007657572280775e-05,0.01250444661785423,0.014251998641404593,-0.0012711065324517428,0.0027193247409201798
2014-01-13,0.005221428258323232,-0.016940942813231635,-0.006391086459648871,-0.03566474973512149,-0.029852957361704634,-0.023802959474022587,-0.013394487517206644
2014-01-14,0.01970259024951486,0.01663920179405781,0.023254119700679136,0.032207047266503024,0.02261274566094504,0.030772219834609246,0.01083891131219624
2014-01-15,0.01987822016703424,-0.00420967863582884,-0.0006787640822722365,-0.002427744858014453,0.027021190481946924,0.01067470288573908,0.005375463013216213
2014-01-16,-0.00559504348668189,-0.00017684058204954012,0.006594828024534106,-0.007143535518993717,0.0035300821898758207,0.0031182027012085253,-0.0013003657522662711
2014-01-17,-0.024806917415970874,0.009579955398884225,-0.004933327062875342,-0.0156845101661045,-0.013921441411433597,-0.00436865412408208,-0.004238845796859827
2014-01-21,0.015416597769683934,0.018447038174050297,0.011381922862145233,0.038503192848511704,-0.005789013605535654,0.0037458854733667607,0.0029365840570976433
2014-01-22,0.004433924267578869,-0.00618548933430107,0.0011336210064339344,-0.0172388536121844,-0.006657632789394459,-0.0012467808974315545,0.0006511908287609404
2014-01-23,0.008432056934014312,-0.011611101596180574,-0.004232049629292954,-0.015419893958557293,0.0036117373264583936,-0.0037501716545794627,-0.008226776789751285
2014-01-24,-0.018344794094296856,-0.0311656453605233,-0.03176372768876345,-0.03925610745915505,0.02058549131577086,-0.026008361619455873,-0.0215668270225867
2014-01-27,0.008080128157149322,-0.0034113842758354573,-0.02031470739938849,-0.016667028806869794,-0.021417768012214428,-0.006447600561677971,-0.004931398461373823
2014-01-28,-0.08330281374725786,0.020879252424284588,0.019584792708658455,0.029259623042877513,0.006639088532896101,0.00965575674396294,0.005937152067869809
2014-01-29,-0.011417631354399382,-0.02627850218540081,-0.014431178144659879,-0.029633227542197466,0.010695267580065528,-0.009655756743963,-0.009651936573115485
2014-01-30,-0.00193854020742065,0.04779814029767067,0.025394773509850577,0.13194227462268016,0.005440727693849765,0.01667784028310947,0.010544963996793498
2014-01-31,0.0016393960727492682,-0.1165028517372753,0.039360072390994594,0.024101424037324133,0.026239585676743223,-0.0012729704596428427,-0.005875435267225216
2014-02-03,0.0018559353048526416,-0.035586235622344226,-0.0410878281912958,-0.01757395335885777,-0.036602671000139454,-0.013466457573623747,-0.022762728250220746
2014-02-04,0.01437099266018913,0.005186483053169864,0.004164507704858707,0.02044663403824686,-0.0035700181911894413,0.0057936861203669535,0.006980456619743735
2014-02-05,0.007441928381386686,-0.00432021738041316,0.004418337679371398,-0.008964382946909995,-0.014687201246917341,-0.009026572994344782,-0.0012551436100475385
2014-02-06,0.005812087200495796,0.02322366083873704,0.014554319428678691,-0.00048248369546110854,0.009999694838832712,0.01287003472163171,0.013100560666885152
2014-02-07,0.013892671980450808,0.018137405634645123,0.014957010357914429,0.03415882302936609,0.01044831463586592,0.014599170775822665,0.01231986365216655
2014-02-10,0.017756174086514004,-0.0005817551913204396,-0.0038377346017772268,-0.01204359495528533,0.006543095587266014,0.003145507674400441,0.001835030794280419
2014-02-11,0.013090253754484396,0.0025461240493623474,0.014599736876230581,0.020250102571355764,0.010004067706098983,0.020516428802451022,0.010884088958521066
2014-02-12,-7.451991063791086e-05,-0.035275980325803764,-0.002936730868575024,-0.00618733041258753,0.00803859478838101,0.035070445884220744,0.0004947210106888118
2014-02-13,0.01575416479258745,0.022507906884573076,0.011070359186243921,0.04371609013814142,0.003729531227554619,0.031005423585600694,0.005149279102898107
2014-02-14,-0.000808833656204338,0.000419827569362029,0.002413852636055948,-0.0035707132926208335,0.00026578517485731454,0.031190649151345277,0.005503820668543144
2014-02-18,0.0036699550511922006,-0.010407939802686025,0.006695351495075481,0.003125241752953309,0.002140114501492944,-0.0005587047712657086,0.001194613951403619
2014-02-19,-0.015913674121252573,-0.01788851918661287,-0.007077739297383685,0.011229407936719364,0.0024022503223476337,0.013318768593657765,-0.006643626881549976
2014-02-20,-0.011642479890720528,0.0069422977414354305,0.0014711097719733244,0.022805699666212226,0.0063780107434049296,0.03467307763208105,0.005883869076997783
2014-02-21,-0.011170217016342085,-0.008728689340968475,-0.00026584040900656293,-0.015048632510308878,0.006074013700418724,-0.007482865604724272,-0.0011415835199436483
2014-02-24,0.004369751089402908,0.01437315995295193,0.007217674870559228,0.03142955839236415,-0.007664465074151476,0.014381415570753422,0.005531295980812515
2014-02-25,-0.0104611949445117,0.018420442229440108,0.006158231843930738,-0.013226294828470844,-0.003987806833356942,-0.004525575109225686,-0.0003784808333930864
2014-02-26,-0.009063054764088403,0.004121846454221649,0.0001393462363461016,-0.008482486726331277,-0.0018668217752927068,-0.0016021643058332692,5.4063025880213344e-05
2014-02-27,0.019751454818787362,0.0009167821411067436,-0.0007871029321029891,-0.00463095622836014,0.010354484282417413,-0.01128712900001346,0.005233989343056261
2014-02-28,-0.0027136278791927296,0.005455300552955511,-0.002924231469988446,-0.0069870071757474886,0.01181620613609265,-0.006507726636648589,0.002525543137679996
2014-03-03,0.0028840846244128256,-0.006427640140422914,-0.010718152110426418,-0.015456293144631733,-0.013930880194888882,-0.004908807903691052,-0.007056878012047439
2014-03-04,0.006572603940893902,0.011386336498260064,0.010109266221741875,0.020410368271016312,0.016537309727630286,0.010334713987077864,0.01395815969135315
2014-03-05,0.002105443677805206,0.023008882660289484,0.0027536221727962147,0.039472304345397224,-0.007841132497543478,0.008620755904284199,0.0009057584858004483
2014-03-06,-0.0030282515170502247,-0.0005641118357561163,0.001107535302787799,-0.010252232655469954,0.0010493977319656388,-0.014046661987670968,0.002287614425537479
2014-03-07,-0.0005844405701807419,-0.0002686926305247979,-0.003959913517649009,-0.014789789928122713,-0.006574457252385873,-0.001088887550169638,0.0004251458972406936
2014-03-10,0.0009042535628358713,-0.004120715035079746,-0.002654196310180524,0.03144860698392595,-0.002113221699575541,-0.01481499677679595,-0.0005311628034629373
2014-03-11,0.009690904946537016,-0.004625731685000152,-0.009603763202302199,-0.027159828669376416,0.00527395578399895,0.009900827659954332,-0.004955010100160544
2014-03-12,0.0009697263864814889,0.0049224995577277185,0.006073298261749134,0.011065583585322015,0.006554194366000666,0.0027333113941463796,0.0002667364147328363
2014-03-13,-0.011169389122480904,0.0023445891049791363,-0.015223530190193431,-0.029348659354440934,-0.009978589126493147,-0.03217158915054245,-0.011276344779354729
2014-03-14,-0.011294740180887318,0.00598457520968956,-0.01376895621657733,-0.016258127394478822,-0.005027276941243403,0.004499170070611475,-0.0028119574013847973
2014-03-17,0.0038994148255204275,0.0034723468835711887,0.01632238146374556,0.01494971540918263,0.009240640881070617,0.0,0.009003291921647399
2014-03-18,0.008807175016613447,0.009896401629179109,0.015944705495908026,0.006525007410870678,0.03866462390507655,0.0232960381528401,0.007112333829609055
2014-03-19,-0.0002628529745822842,-0.014734230232825217,-0.009964668833606843,-0.013825327765329931,-0.007104627102553098,0.017391428653719235,-0.0053428365897674815
2014-03-20,-0.004830409305136666,-0.011479578918567044,-0.0017444526977894847,-0.018786235771493368,0.026634446992933807,0.0005388607418771721,0.005822189185362944
2014-03-21,0.007856332336771979,-0.022890542588789337,-0.011864665927671823,0.004023510857299158,-0.004224303648419841,-0.0016167753097172575,-0.003885913698160302
2014-03-24,0.011790652013360804,-0.02461979252136099,-0.021453457819711134,-0.04782382718009622,0.008430950063319757,-0.0048661373330188985,-0.0041442489684921134
2014-03-25,0.010699577249847684,0.008095585705809535,0.0006819590614268105,0.012249233673850514,-0.0039586530313029614,0.0,0.004734642583869729
2014-03-26,-0.009605763211524714,-0.03237551610307354,-0.023356393365798662,-0.07187007721746774,-0.013727789325801884,-0.023027314884640625,-0.007218622689672871
2014-03-27,-0.004307345751569594,-0.014489591307021148,-0.01238507370835891,0.009558351690057747,-0.010865614902672547,-0.013400625702332336,-0.0021102554765714105
2014-03-28,-0.0011174204884159408,-0.0005319923509101769,0.0027358373692441635,-0.01587065157742307,0.023601513586798347,0.006164246935637265,0.0049179224223971415
2014-03-31,-0.00022286034115012322,-0.005691697967125984,-0.005407470831108868,0.003825294992687898,0.016976730170528927,0.0005583723058589439,0.00816073814929418
2014-04-01,0.009105922959748011,0.019489510572911855,0.018130021743978944,0.038748095984627584,0.010435339864711566,0.0404868089210212,0.006609113808078017
2014-04-02,0.0016605746523513341,-0.003007539823771052,-0.0002820527057912374,0.0015956987586860853,-0.0016913601107955852,-0.006454743552215574,0.003341171753920701
2014-04-03,-0.006954687209465052,-0.0246911400798998,0.004820749108116533,-0.052872065060543434,-0.008255926738539003,0.010735255761352888,-0.001324363352432209
2014-04-04,-0.013020704609506746,-0.03235030648781885,-0.047812902988569744,-0.04715267057959763,-0.028192266254237406,-0.0314558163252118,-0.011892506275749903
2014-04-07,-0.015825511303469948,-0.01635594803754381,-0.009229848846181414,0.003518051155619582,-0.0017568282273967687,0.0033001132433261126,-0.01111333896999577
2014-04-08,-5.7164649722799444e-05,0.028877886095142986,0.030650532749578262,0.021539829874944228,0.0005014978964789274,0.03507271678301255,0.004114450345778038
2014-04-09,0.013058181563877492,0.014388270922235085,0.01651452743444356,0.07001201261343243,0.01619247115822237,-0.0010612265923362252,0.01069368480600153
2014-04-10,-0.012982001642732957,-0.045313777787587474,-0.041975669391473014,-0.053479847122494935,-0.027811171345771348,-0.024719037446377184,-0.02123000128844933
2014-04-11,-0.007420249344165171,-0.01711129149309984,-0.0193182586926644,-0.01070621836649657,-0.0038180538224419983,-0.014246993463396078,-0.009049010326368933
2014-04-14,0.003975508050148405,0.013319911034559857,0.00361203643751717,0.0061318580266432575,-0.0007655027010974156,0.010977248190531363,0.007847243709980424
2014-04-15,-0.0071558732342656495,0.0005379894914277226,0.0073342231210549455,0.0033904252324801942,0.01444356353172158,0.007070995825769456,0.006863889652575724
2014-04-16,0.0020250066237244312,0.023760034534892855,0.03678430423172843,0.010605226466503916,0.016219616401540172,0.002165712099069396,0.010423085787618315
2014-04-17,0.011361226593824386,0.003792881292983937,-0.037418307495804465,-0.013146950858168723,-0.00970014412623079,0.003778339801789404,0.0013960197837756983
2014-04-21,0.011797675375065686,0.018177347749176925,-0.014051036749380429,0.03828062289412472,-0.0017513594315807224,0.008049553182898316,0.0034817457350103296
2014-04-22,0.0009973106535516038,-0.004695705068003317,0.011641925300703248,0.02881019910885573,0.0012509910343109136,0.008515232853895334,0.004533946286704199
2014-04-23,-0.01315707827883095,-0.014497853807384043,-0.014824992508791046,-0.026852590709671928,-0.007529758648668322,0.011591346343897574,-0.0023446613830374933
2014-04-24,0.0787942943460522,0.037995895177366554,-0.003383668617917113,-0.008017794963014808,0.004274103932462486,0.008865659715007896,0.002024911826378747
2014-04-25,0.007317897921822542,-0.10405962432718202,-0.017247424037233384,-0.05330988763226938,0.0012532715289267071,-0.027903844211876295,-0.008232473600623848
2014-04-28,0.03799622544343734,-0.024151286933829296,0.001877352062739731,-0.02758192878347009,0.02376952266779593,-0.0042805122091373335,0.00316213691903653
2014-04-29,-0.002967064002089127,0.012731314887918888,0.020195038105861304,0.03517727052699804,-0.008847240624154084,0.002142849464533644,0.0046445051822199025
2014-04-30,-0.0037883630031150463,0.01240690175556421,-0.0019727951576177585,0.027645256032888494,-0.002719386332861971,-0.01184116725572649,0.0029784021262681246
2014-05-01,0.0023525276994968082,0.012287316864678948,0.008865717754224116,0.022658719746706812,-0.009950410904178461,0.005399742858384707,0.00010605949295738353
2014-05-02,0.0018580326657136592,0.0003897073459915525,-0.0064571591993079994,-0.011347970749261357,-0.007779860267990597,-0.00756759838766021,-0.0014346320077671577
2014-05-05,0.014042494870202487,0.006601278428657596,-0.0002274167830910091,0.012492107337687628,-0.006572323853450324,0.010793328187835264,0.0019126488688885888
2014-05-06,-0.01095893848694939,-0.041722736212006326,-0.02429753002981254,-0.04493456167703199,-0.009428119300457942,-0.020607983359343243,-0.008741908418060206
2014-05-07,-0.0035057537453486395,-0.015828456855995012,-0.010106462626193647,-0.019669396532648754,0.009174517386512801,0.0010950336965162293,0.005871660511694332
2014-05-08,-0.001783729655671546,-0.01511135483714367,0.002037409122780755,-0.01103824494430955,0.005565358648513805,0.01251078330365961,-0.001065229664829256
2014-05-09,-0.004175384374667195,0.013504414514023696,0.015013851295604333,0.00842113115525271,-0.002525911364952897,-0.024625263826377225,0.001491261260253683
2014-05-12,0.01237311146262224,0.03569521501555669,0.02134255747432329,0.04425435051197328,0.010816415967380586,0.028940067707701574,0.009688703576020006
2014-05-13,0.001567610776527131,0.0058601452908085975,0.005964223387969937,0.0,0.018225493900017032,-0.01627796889759659,0.0008952002295773095
2014-05-14,0.00018510547332010815,-0.02331329886508663,-0.012154130669225213,-0.010079086761337194,-0.004463335072350091,-0.00989586708186158,-0.004748604216189805
2014-05-15,-0.008539892397250342,-0.00819828946251849,-0.012745904629770783,-0.022365424917122637,-0.016032668669856004,-0.005540136725407913,-0.008819354634980599
2014-05-16,0.014650268825154382,0.00846709708256155,0.0012493998063446887,0.001725006098977047,0.00579161861024392,-0.0022248035578819494,0.00346261690808391
2014-05-19,0.011779860982170307,-0.0031625320240843964,0.015684022303988913,0.02030271283469048,-0.002010901373576312,0.03178363363069864,0.0036625349856162686
2014-05-20,0.00019815950760194068,0.014817526244088285,0.0017191966300937097,-0.01103858252126882,-0.00176232049566525,-0.01171829065342526,-0.0063253267154729205
2014-05-21,0.0026425213952202048,0.01260326732698432,0.01716126197529405,0.03242616298090335,0.01674374001810404,0.0,0.00838960957993002
2014-05-22,0.0015820875161317654,-0.0003279193726752962,0.01129174423781961,0.0004958641218399645,-0.00621475122868866,0.004376396193913144,0.002428820061378997
2014-05-23,0.011233034644327263,0.023755527109596754,0.013919398158162077,0.013621195770218879,0.0004985452809372649,0.009236697543779017,0.004000841156901817
2014-05-27,0.018552539377264955,-0.004558162630670564,0.02369048192944221,0.034129835448360325,0.0017431225854582096,0.017690141606706643,0.006127803055760224
2014-05-28,-0.002593025926468731,-0.0021256725826840736,-0.007573558736330815,0.00047245329694004646,-0.004488372099589913,0.008465699987400613,-0.0007312500932957557
2014-05-29,0.01805723623225431,0.011603794202766807,-0.002852531210737147,0.005025902101607117,0.008213915029295329,-0.0015821006591840235,0.005159471501515004
2014-05-30,-0.003752929914260753,-0.003927682145080941,-0.00033940905667668005,-0.008338014630933407,0.014763912796056865,0.0026349620455310063,0.0016100457638729801
2014-06-02,-0.006895817866968778,-0.011941060888577411,-0.010702008131730778,-0.003481505442669597,-0.0036701777195186484,-0.0031629077005527577,0.001141341101155006
2014-06-03,0.014042027677863871,-0.005356924448211716,-0.016362712419959805,-0.0033346670406571824,-0.012334377964447456,-0.0042325003192454115,-0.0005187088480363082
2014-06-04,0.011354946780049635,-0.001335582283614474,-0.0005137250483668843,0.007447911823095145,0.0007447050370815003,0.0010596895892975326,0.0020209538274653335
2014-06-05,0.003915906873228262,0.05328456383402556,0.016822273931491546,-0.0023710376517248836,0.021833052066545382,0.004228291314172631,0.0065009910270944155
2014-06-06,-0.002754038680059728,0.01867669968994697,0.004377561188297808,-0.010979476713495865,0.006530712616016422,0.0036853677707653124,0.004771395123677027
2014-06-09,0.0158748238977727,-0.006604070354910719,0.01035356899800305,0.006061700903742055,-0.005075509317375883,0.0010502938916149894,0.0010227942427302069
2014-06-10,0.005852820343955324,0.014881125657929643,-0.0027967027559110563,0.044935562152042814,-0.0038844510125626204,0.005235444071240367,0.0001024025570917717
2014-06-11,-0.0041465851887874765,0.008358201531125934,-0.0030553719884050903,0.00015196714972984336,-0.006099948929724007,0.012970256025480154,-0.0034824311840479954
2014-06-12,-0.016868360601641427,-0.028106124805570308,-0.013493292806599317,-0.0229116599086595,-0.006876326189661079,0.00616680417801742,-0.007105130895708487
2014-06-13,-0.011004183373836633,0.0011039683086659462,0.0007433091956365034,0.0032611329184851863,0.01589086249637317,0.0010242630890857553,0.003043767665586863
2014-06-16,0.010028526195052206,0.004129206079793739,-0.013649365728703582,-0.0048175943555090585,0.006527336110141409,-0.003075491829226418,0.0008238925460614324
2014-06-17,-0.0013022645337242864,-0.00612336610895257,-0.00233605067174936,0.003265966173990209,0.004328115389661222,0.006651087347083731,0.002775588812632651
2014-06-18,0.0010852597521801368,0.026546996857246964,0.018899064165851003,0.018462154357828008,-0.0007199624436766896,-0.0010204135672417765,0.0073128007172766135
2014-06-19,-0.0034774573519260536,-0.022317868366810812,0.002761036894077515,-0.01939421666932936,-0.0033674218939872594,-0.023238739384583026,0.0011207225921745162
2014-06-20,-0.01039558173924784,-0.008599641406330613,0.002627731655030498,0.0024836904930201176,0.004087384337664015,-0.011031914926916095,0.0020278186583567314
2014-06-23,-0.0008805327376342803,0.009333263980698798,0.015321606987242116,0.013398276974246092,0.007410206727022747,-0.011690347708314145,-0.00030618793196514116
2014-06-24,-0.006073769554763098,-0.009456584445556738,-0.0005843320156701734,0.0053396336091710095,-0.005731946284777712,-0.015621020075124097,-0.006042284678004032
2014-06-25,0.0008857027692546088,0.010067583982512694,0.024544925848742426,0.025835162589960325,0.006684048655748696,0.01026178828814135,0.004509558640956928
2014-06-26,0.005958467953024999,-0.005358800134129986,-0.004590070506326692,-0.004607204473854516,-0.007402911810040656,-0.013524518602246153,-0.0007165314731952229
2014-06-27,0.011811189130738873,-0.0034447642724235858,0.0021503618598393056,0.006976749445359343,0.012623493213364688,0.0010888736199609745,0.0019426922483759168
2014-06-30,0.010275363842052368,0.0006467978358434689,-0.003401226859886842,-0.004596161319261486,-0.013103347971353166,0.008667418579125062,-0.0005107097416334767
2014-07-01,0.0063287289423232165,0.023160880781009585,0.01276411546515188,0.011378056562534692,0.004068689922729064,0.011263214874097533,0.006670822678100923
2014-07-02,-0.00042774322771956,0.0013830029120699406,-0.0005751541062741811,-0.023940051634592237,0.0007161808688650906,-0.003740438863615635,0.0010146544583762753
2014-07-03,0.005866275996482573,0.013843963058083835,0.004104316746714029,-0.002410717986756925,-0.002389194796078836,0.009059427371342244,0.0049063395897960315
2014-07-07,0.02042189087611168,-0.01174313108897777,-0.004250290180271416,-0.015199954728508382,0.004534988201542932,-0.00798939785215148,-0.0034875319864442525
2014-07-08,-0.006481698151696962,-0.029635825381900835,-0.019353111903822485,-0.0395210942988993,-0.005013816043619987,-0.008053540151670252,-0.0064510038901296
2014-07-09,0.00041990193869190196,0.01884485112989521,0.008699721450049925,0.03460773932042668,-0.002636682394788035,0.029741786882984754,0.00447424965852041
2014-07-10,-0.00367611763889164,-0.006232120567292684,-0.00868212014687856,-0.0015403948351253123,0.00048030870903943565,-0.005246562922604311,-0.003964704299798345
2014-07-11,0.0018923198459084038,0.05424694127732333,0.014048936138775186,0.022407700071437737,0.009548694394641986,0.002102021557134253,0.001374119272089735
2014-07-14,0.012834752333718,0.02600222209685815,0.009776322551682226,0.02324315063941422,0.0011874025474604007,0.012519787935469807,0.0050226563163434075
2014-07-15,-0.011785352596181083,-0.002479747919249888,-0.00015396827915091214,-0.010809485451866772,0.0073296119187784775,0.004138541670943018,-0.001874124660377397
2014-07-16,-0.005681112872635381,0.004110710736360004,-0.0036317718659026983,0.007268687610767033,0.037679051191593774,-0.0010331279320478716,0.0036944445199555485
2014-07-17,-0.01799185814024793,-0.00974105888908393,-0.015444860996177019,-0.018647620830805324,0.010156937137436985,-0.002587239535264791,-0.01143089349507041
2014-07-18,0.014292220435756078,0.017466158088306812,0.03653684808255384,0.02981761200535943,0.003586853442633215,-0.045582842159797334,0.010167258936854265
2014-07-21,-0.005202448036252319,0.0030622948114330736,-0.009472066740436704,0.014221496519225284,0.0033505262545462885,0.005947634503182408,-0.0018731744643357394
2014-07-22,0.00826893548402929,0.002997445825408668,0.008900556879121934,-0.0018749123135414826,-0.00022275044838912053,-0.00432221981994913,0.004348704092392304
2014-07-23,0.025742181987904584,-0.007510688238032695,0.002082804778890347,0.02874417063327433,0.0008918130934240283,-0.021341308659500388,0.00221731700826464
2014-07-24,-0.0016477270567157995,0.0013115003068568723,-0.00442274343740672,0.05046526586819537,-0.010529958223580708,0.0016579598974117643,5.0033670248035573e-05
2014-07-25,0.006574591738045549,-0.10146103905495894,-0.007324227427726823,0.002796940556734156,0.002249952779878542,-0.017827790009439605,-0.004692330464694968
2014-07-28,0.013727238182160697,-0.011172972530591525,0.002678790729660249,-0.0035974322554977946,-0.011981793661490147,-0.0039426117388674225,0.0004044003416286121
2014-07-29,-0.006484489749948028,-0.0012804413290941484,-0.008484860969326116,-0.016282320652348626,-0.0018209798824490731,0.003380302085991184,-0.004306583624087399
2014-07-30,-0.002340392346844785,0.007813130680723666,0.0030859261682626405,0.013073725114616673,-0.00708827773573041,0.016732139764904005,0.00015241493124500588
2014-07-31,-0.026323776136656037,-0.02996289215174374,-0.027300596940940402,-0.027558887441329734,-0.009684128959968435,-0.0326057132601153,-0.01994595494004973
2014-08-01,0.005528650831578197,-0.019128086466204803,-0.009721692351220234,-0.003999571962348828,-0.006975242330520352,0.010798790363368045,-0.003060474064342731
2014-08-04,-0.005633742257131263,0.021234559388840543,0.012429731850869003,0.015767749251851617,0.011828820976713054,-0.002263594473684162,0.007195449383253935
2014-08-05,-0.004928721169032926,-0.004249392783718993,-0.014197864080602553,-0.011217772716644986,-0.006709185133110219,0.0005662372875627291,-0.009743700970135856
2014-08-06,-0.0016832492868676247,0.005014289654920821,0.002304932878186941,-0.0030310868439390624,-0.007923434319691265,-0.001132866398825731,0.0003122619208953734
2014-08-07,-0.00010579974475398732,-0.007803777718613043,-0.0053356914352668166,0.009612839185728009,0.011399588987266495,-0.010256909432355812,-0.005429297848023825
2014-08-08,0.002747890924807782,0.017031843175368017,0.009557324493771648,-0.0015045578657268265,-0.0006942439731488874,0.08452659536496183,0.011502732130934912
2014-08-11,0.01310764902506007,0.004817916732328431,-0.0015660871867431783,0.005187766664599653,0.0,-0.005276885463032972,0.002893687022200653
2014-08-12,-0.0002082136842946624,0.003105123623589875,-0.009110159296919097,-0.008340716671384408,0.007379913291892365,0.0,-0.0013943438164413387
2014-08-13,0.013146272775052958,0.021562147995906333,0.02118751774211165,0.012824140190571029,0.01278558870428763,0.005803098451951089,0.006746056460012314
2014-08-14,0.0026703556826813976,0.02101703827771469,-0.00022616940989301192,0.007158793223590942,0.004300924679516004,-0.011108110488829611,0.00471113387563128
2014-08-15,0.004911217575022794,0.0012596671957254173,-0.0020382328034529414,-0.009058495162599477,0.011678032572721396,0.012684958501008115,-0.00020461774281195104
2014-08-18,0.011971070443799352,0.0026939717914522027,0.015022216518421921,0.01295394335352946,0.0071185628433956755,0.013563135684055988,0.008344399302906801
2014-08-19,0.013721510840396876,0.0017919956307108228,0.008041083686985992,0.009340997093798932,0.011091811395078309,0.00803422438230889,0.005205428447867013
2014-08-20,0.00039801583282244175,0.0019376264306455201,-0.004046624130813163,-0.006395830489272527,-0.008418422919671412,-0.006214530111426491,0.002667770362661704
2014-08-21,9.913589982131435e-05,-0.008583963070537477,-0.0019180561950259227,-0.0032133209344521823,0.005988672893490786,-0.009394519625328366,0.0029116554109322374
2014-08-22,0.0073305588786031425,-0.003972916225477395,-0.0013894752540898987,0.0,-0.001549112087376704,0.0005241306505143595,-0.0015551604508252258
2014-08-25,0.002169159201010864,0.007301606259101448,-0.004059428197750558,0.006016403721774478,0.00044313270459166534,0.001571267813470161,0.005057610970019116
2014-08-26,-0.006422214326048789,0.02311261395955904,-0.0040411832499552365,0.012452199068525054,-0.0035487744996825403,0.017635233258424046,0.000649150171206633
2014-08-27,0.012215916613240315,0.0039416158041359175,-0.011942382385529622,-0.017664252633957017,-0.0031151165032008462,-0.01137551336489382,-0.00039938449854508816
2014-08-28,0.0011740401155711838,-0.009250706879446208,-0.003157350692401343,-0.010371288696939322,0.00022267303391865814,0.008285824056667574,-0.0005496223345485294
2014-08-29,0.0024419058450496464,-0.002886332381345829,0.0042075894993163655,0.012913966751466877,0.01218068168025219,0.0030896893082263243,0.0028440462814601133
2014-09-02,0.007774702287288293,0.00980312632378448,0.009974573427328343,0.02455561392480623,-0.007512077356572629,0.0025673409168600527,-0.0004982639726987873
2014-09-03,-0.04312366319309557,-0.009921048649565436,0.0010560560395756924,-0.011146791964816414,-0.0028875031237710963,0.009188561385433449,-0.0005483588087210038
2014-09-04,-0.00832244429753834,0.020294138838729242,0.006966001892638648,0.0015811531335482231,0.006650397067298779,0.01762813370731941,-0.0014475532461867035
2014-09-05,0.008625418784353252,0.0012421611672344094,0.0070203307854802156,0.017101180057944705,0.014259303648359735,-0.0029999633987162944,0.0044851210757095175
2014-09-08,-0.0061824872674492905,-0.011732023255328869,0.006191523232612496,0.008121136758968731,0.012123981675342718,-0.009054458915560865,-0.0025886701684347487
2014-09-09,-0.0037686931468375465,-0.03746968381864889,-0.014879969009527918,-0.015787141769574284,0.006221030539312129,-0.012712905416716156,-0.006351820620151819
2014-09-10,0.03025479545597869,0.004780094751877462,0.0035907479603591546,0.00986398324257099,0.0017096487302436193,0.003575840806310983,0.0037559692978981346
2014-09-11,0.004248774239532733,-0.0024477245650377667,-0.0030058027833660492,0.0063082719248122735,0.0034097885596551833,-0.010251216649502437,0.0011489482037300395
2014-09-12,0.0022648916767149365,0.002025097643423784,-0.009905124005266273,-0.005662720261283099,-0.006403209713509913,-0.015053531869188983,-0.005858270804771164
2014-09-15,-0.00029512621148540194,-0.022288263064095124,-0.00438752244087033,-0.038147575674867686,-0.00989901374968425,-0.013691496150008624,-0.0007537941225232686
2014-09-16,-0.00760540989069771,0.01187771294388268,0.011881548542136572,0.0199130155002812,0.011182786173295434,0.014736939311463484,0.007510370039573234
2014-09-17,0.007113395889766904,-0.011538100146307106,0.008276714412560983,0.004589881373881998,-0.005145490972831701,0.0005224097036199568,0.0013457620519712252
2014-09-18,0.002064986666261919,0.0030816194423813046,0.007665925971501779,0.007430291586965513,0.0034332995157410687,0.015030124982633213,0.005316223442265708
2014-09-19,-0.00818757698227315,0.019259492479235172,0.011490388101785794,0.011748818462839447,0.017835052686937823,-0.018692279485841377,-0.0009016085381226827
2014-09-22,0.0009902519499060828,-0.020799115153596986,-0.014719900586935331,-0.014349662688973894,-0.009727362709504483,-0.010008141093360392,-0.007753051491710362
2014-09-23,0.015513216048759597,-0.0026847037835687946,-0.010680512149512069,0.01921526777587659,-0.01068196920633871,-0.004243696768207947,-0.005740865073727919
2014-09-24,-0.008708626550790445,0.014052765511165095,0.011735490936763899,0.0031881470960110694,0.011107120481888862,0.005830756471504633,0.007797422826393833
2014-09-25,-0.03887903639050736,-0.019319466128945792,-0.022235646668442174,-0.016949552470080474,-0.022338019724025444,-0.021908465778698514,-0.01626722499764175
2014-09-26,0.029002299633242384,0.003968085070645065,0.003541213730931995,0.020127664941132883,0.008004259943402507,0.002158858836654389,0.00791384782931139
2014-09-29,-0.006372789648461212,-0.004309881948972491,-0.0012830257898720594,0.002661481405172657,0.0006463935946667773,-0.0016186733598429809,-0.001820319961862396
2014-09-30,0.0063727896484612875,0.00192469794992256,0.0017334605744686897,0.0005062714912499388,-0.0017241931430275453,-0.0037866969209890567,-0.0026361394192974106
2014-10-01,-0.015706094455486957,-0.015565221049131541,-0.015869175493351532,-0.0320098769063487,-0.009971877365921769,-0.009804280488900623,-0.013644569677973417
2014-10-02,0.0072333688927590555,0.002988012776048283,0.0031799395010962653,0.006899708363392264,-0.003054916334944167,-0.0043882985596150215,0.00015458815249556616
2014-10-03,-0.0028065318248008597,0.013507143562731864,0.009080197821354883,0.004659652319570599,0.0071857175676723894,0.002196590631569219,0.010948964608677746
2014-10-06,0.0,-0.0016744829858935503,0.0035918278309277395,0.0015483060221803478,0.0,-0.006052255604415676,-0.001171240338637902
2014-10-07,-0.008771773062481121,-0.016333829669237344,-0.023855594362111064,-0.016509842128924652,-0.012224653156491098,-0.010540829497923268,-0.015556070289444663
2014-10-08,0.02054709677253858,0.01788443428320233,0.015419591865552609,0.015993907478632486,0.027084613371309973,0.01823735037177738,0.017337946163440265
2014-10-09,0.002180166183984638,-0.022976539744672068,-0.020505715346782284,-0.020987286154800937,-0.020080837013696447,-0.01935359296411005,-0.02003264017783075
2014-10-10,-0.0028746079791465446,-0.012700429612386557,-0.02965730456747283,-0.040322665251382214,-0.040503716617635896,-0.06100828724932048,-0.011480230323802531
2014-10-13,-0.00917551367560523,-0.015991519016912065,-0.020934410089565206,0.0010966890274134618,-0.008668161729587684,-0.0035673613014378406,-0.01656310966848436
2014-10-14,-0.010677141301771487,0.006051125144119577,0.008831890263188213,0.00818648022080772,0.001831244283691935,0.02296258482493297,0.0015461231380837035
2014-10-15,-0.012329103789350574,-0.007618688093336726,-0.014813587647706447,-0.005177165199328994,-0.011731154832827363,0.015020138436419882,-0.00678913516008794
2014-10-16,-0.013209329527723189,-0.010216432567510907,-0.01046908097679216,-0.007953756477476478,-0.011168038503378809,0.0005733181172737251,-0.0008583822617437765
2014-10-17,0.014541557570483189,0.0025721703490328767,-0.025762254348938106,0.0446970899333362,0.020609587767426808,-0.0017205117906392339,0.011741464991331545
2014-10-20,0.021172856032178448,0.008428350849755293,0.018740678330843117,0.013080546187145676,0.01026132556380275,0.008574032078863607,0.009663034047899208
2014-10-21,0.026802842637374515,0.029348588953683332,0.010884470303954267,0.022360328984588337,0.01798596240344831,0.041800394042763485,0.01961724214554632
2014-10-22,0.005061727686863881,-0.0075123719261290705,0.011649761232089842,-0.004074862499712645,-0.011203146601354252,-0.023751797141233263,-0.007136349938765124
2014-10-23,0.017708194273453062,0.0006707628738065313,0.020935375450375094,0.021085313090072926,0.014317969989018745,0.022112717237079884,0.01155767292204633
2014-10-24,0.003713417655855122,-0.08708689910327135,-0.007750849799360235,0.007840171140616796,0.02435642610327859,0.010334628312608793,0.007665547059457712
2014-10-27,-0.0010459366744279875,0.010086229058262827,0.0018324511128350296,-0.004846218674206868,-0.004780447575376057,0.0005411295705511415,-0.001375455878769825
2014-10-28,0.015388446605607368,0.019195899110924574,0.014922086588355081,0.006085004131176005,0.012554433014224525,0.02351825203349554,0.011404984414863942
2014-10-29,0.005605605736926825,-0.004985489882515075,0.0007830836113057812,-0.06271596333073018,0.0027920282835955613,-0.0063597003083684135,-0.0015130957564190425
2014-10-30,-0.0033596558539517565,0.016689776290915295,0.0017824971419932271,-0.023339112489964495,-0.012301608848971553,-0.006400004710023567,0.006390327605735951
2014-10-31,0.009489288812629084,0.021141175729614003,0.01581078277317136,0.011804292672171507,0.019355813129810027,0.04447505192210593,0.011370278110315558
2014-11-03,0.012879670169968507,0.0008508451885895139,-0.00692816685485391,-0.014912501680486873,0.010382234063410973,0.016747066740743992,0.0005456824711920872
2014-11-04,-0.007339441217501347,-0.009564116193101335,-0.002001202805637881,0.025128303524487885,0.002736288150802621,0.01300061717335316,-0.00347562678168665
2014-11-05,0.0023914382055438654,-0.02099086645501377,-0.014890858553648209,-0.012351586747524096,0.006078177313295402,0.0,0.0062965496748427765
2014-11-06,0.002855776458823022,0.0004045832630584544,-0.007132577214068062,0.005729865127575632,0.01739856972820069,0.004460730150464798,0.003994916222122706
2014-11-07,0.002847801915046361,0.010796433641957745,-0.0019020444598355666,0.004507464421056456,-0.00041054426309734935,-0.02149550864784593,0.0009347716728542334
2014-11-10,-0.001652610544544809,0.01735665571999282,0.011906587851526753,-0.007968056001035147,0.004304400129192498,0.011555219113793046,0.0031425146156836303
2014-11-11,0.007962306386285542,0.022362888602370356,0.005101016390192442,-0.005213651569266608,-0.00040922438297717447,-0.012060414810643301,0.0009802339544021544
2014-11-12,0.014030663634840698,-0.0016038348634330756,-0.005430006137840299,0.001473221347375746,-0.0018434006308377395,-0.006594112545434009,-0.0010779579605716665
2014-11-13,0.014013596256837919,0.01582866053381798,-0.0035325465693592253,-0.006309941792381381,0.016872366940915953,-0.005101878999175609,0.0011266782939582415
2014-11-14,0.011982566142191545,0.03520465178157001,-0.0017985540084422397,0.008448867722085302,-0.0006050775945541952,0.012201187241459877,0.00024491904736078117
2014-11-17,-0.0016654130635334347,-0.014657603425651452,-0.01459904286655002,-0.008583601501669796,-0.002423251169240469,-0.004558191564513155,0.000636418792606229
2014-11-18,0.012899913054606901,0.005802656004081382,-0.0027623011393810635,0.0013460056416568593,-0.00837669487177887,0.023577953144590217,0.0057572969029309655
2014-11-19,-0.006952141242569786,0.004942656682430793,0.003656631714675341,-0.013679319308454108,-0.010726179435281969,-0.0037411955138308218,-0.0016067191264073923
2014-11-20,0.014200493999966063,0.012175274426689132,-0.004030585257502002,0.003675187128383003,0.009905055189801108,0.016357353709893777,0.001752615839858769
2014-11-21,0.001374771958704704,0.006303069243084204,0.004979864283247068,0.0020360186670261016,-0.01489457214286063,0.005393568783890496,0.005336652982679088
2014-11-24,0.0183757633644966,0.009008356645347357,0.003287616965889465,0.003519350226462606,-0.008161628003316738,0.006337080399160805,0.0028020872913804206
2014-11-25,-0.008720497151718567,-0.0017891564945635657,0.0033507303617273908,0.02165269598815387,-0.0025249549589401836,-0.00048664829888944017,-0.0007237796693278266
2014-11-26,0.011834447328542618,-0.00439728423344842,-0.0013129731578577666,0.025972081946663457,0.005881425329935231,0.016872201575606115,0.0025556939054204694
2014-11-28,-0.0005884801339593806,0.015084857626778948,0.002698150983163088,0.0010300772984693576,0.0012559177206489067,0.0023871753113055834,-0.0021214521540033624
2014-12-01,-0.03299446191951091,-0.03804021479067347,-0.014931099903854118,-0.03403471884889219,0.01679972180177625,-0.018772728588022022,-0.006974179263672283
2014-12-02,-0.0038311714130388106,0.0009505311122191478,-9.379891755708887e-05,0.004782210264403893,-0.0032961275394056606,0.001456476686880282,0.006442978830276408
2014-12-03,0.011277098073056359,-0.0305246361413495,-0.004562958067831139,-0.007715987502202935,-0.00787242458628511,0.025390567125146975,0.003855791533598983
2014-12-04,-0.003802771050149078,0.001357724807881839,0.011210661805144562,0.004796329120529732,0.015683540792167678,-0.009028786181964187,-0.0011069693867720156
2014-12-05,-0.0042514413832049685,-0.013660556048408374,-0.022681720575978417,0.014775926008265694,-0.008636986842701722,0.005712382932464099,0.001636037538429465
2014-12-08,-0.022868211384435365,-0.019345991649410702,0.0032693141550432523,0.002093035852642089,-0.014981352053025017,-0.012898012524441917,-0.006705241406307866
2014-12-09,0.015186444950817895,0.018930062534918496,0.012052626355622837,0.004173274479372267,-0.0023087596641704544,-0.0033713056967743845,-0.0006779644647219395
2014-12-10,-0.01919816703267849,-0.021542391762237455,-0.013800040488656014,-0.008626324691902212,-0.014604784473440413,-0.022439651586676455,-0.01616118837992956
2014-12-11,-0.0029520841544655174,0.0049576235918150765,0.004324736370092669,0.020142408951118185,0.005739928935038992,-0.0004933573668814407,0.005057001186600562
2014-12-12,-0.017077349057756406,-0.00013013958683683356,-0.0184914065470366,0.0012855115154488744,-0.00467445167910227,-0.03158972980576156,-0.016293423845821785
2014-12-15,-0.013764174667524142,-0.004075715991640557,-0.009414506338368173,-0.010851343236512045,-0.005981845432992422,-0.0030610872808728476,-0.006893151478728005
2014-12-16,-0.01376905288457696,-0.03663510235531076,-0.036488786568569555,-0.03032925101295901,-0.0328896900200576,-0.011305334743078127,-0.008051610311920383
2014-12-17,0.0246126198467278,0.012863428305265469,0.01899518113609265,0.0188333729609848,0.012761328257600667,0.040015381353333164,0.019414981877151086
2014-12-18,0.029183588337082914,-0.003855111755441522,0.012224736974399639,0.029644246397186883,0.03817753208260183,0.00396447342438768,0.024427643259797148
2014-12-19,-0.0077530595625279015,0.007262018500955475,0.010219643652126305,0.01870156801098253,0.0029416136662529084,0.009843083549717715,0.0042460288946585545
2014-12-22,0.01032390933214669,0.02189915254564472,0.016365686705008226,0.019463802860226524,0.006691996667415017,0.017475730384185074,0.004589316871003043
2014-12-23,-0.0035477470342046256,-0.0008158745593126145,0.01083902153043103,-0.010366552422613735,0.00974785843083969,-0.006275297730209566,0.0013489493197142875
2014-12-24,-0.0047208844838361385,-0.010700562216992601,-0.003436026214660323,0.0019827940038657245,-0.006418996625781163,-0.003882180838344104,9.673742247996394e-05
2014-12-26,0.01752264431000851,0.01980071556809382,0.009898419822017519,0.0001238416674469822,-0.005415135045399209,0.0009718535018780223,0.00321891519054202
2014-12-29,-0.0007021802914006418,0.009498890418686819,-0.0069525426276243404,-0.009452787267010708,-0.009021489350145254,-0.0014577722260433936,0.0013425003173582887
2014-12-30,-0.012277549795876343,-0.005591806296370405,0.00016962992614647017,-0.01004766805250454,-0.009103808104216026,-0.009284554049892667,-0.005380672602171833
2014-12-31,-0.019202030510040876,0.00016109436024795815,-0.007607688337637723,-0.015263761131995658,-0.012196051154272422,-0.015833926750562298,-0.009972394883611083
2015-01-02,-0.009558039400273671,-0.005914040122495067,-0.003025142256861304,0.005496427343156818,0.006651379949788073,0.003982294809460141,-0.0005353164062596379
2015-01-05,-0.028575833523864905,-0.02073069374229033,-0.021065869205774062,-0.016191599105277156,-0.009238479794552319,-0.017034736305317003,-0.018224792761339672
2015-01-06,9.391666346968726e-05,-0.02309805250552857,-0.02344992097537228,-0.01356492285174649,-0.014786354848910275,-0.030787314857280753,-0.009463367122204313
2015-01-07,0.01392456662246781,0.010543956937772861,-0.0017147648335859664,0.0,0.012625506996236293,-0.0026091503113163045,0.012384177970510848
2015-01-08,0.03770253374664793,0.006812759380520335,0.0031481328926391307,0.026308839691223072,0.028993941543095845,0.03692724475468157,0.017589290572555566
2015-01-09,0.0010719721788623074,-0.011818170381278284,-0.013035192519031565,-0.005643834621601679,-0.008440513605224383,0.00402025520123374,-0.008045752758911909
2015-01-12,-0.02494911872479077,-0.018765211590182393,-0.007322702942969902,-0.013207594196003676,-0.012581660257914348,-0.012617090119290136,-0.007864531713430432
2015-01-13,0.008839169083891579,0.011362407445480715,0.0073428067149155585,-0.00352556330819986,-0.00516380617341731,-0.0015246452983894748,-0.0028166236334237135
2015-01-14,-0.003817602064399604,-0.004999968410075042,0.009407855378872291,-0.0022260848569002896,-0.00866513748558539,0.004061069825300163,-0.006055133634376837
2015-01-15,-0.027515352507603532,-0.021785701035730624,0.0018352153680883812,-0.0296701582203098,-0.010498771276309504,-0.007117415188575205,-0.009203004510037641
2015-01-16,-0.007800452696258605,0.013121402610751216,0.012457172525365302,0.015144568885488232,0.016572454802058954,0.01820062426473894,0.01302908082371488
2015-01-20,0.02543099827680471,-0.004481346448052067,-0.0023252739409470344,0.014000994924040666,0.003238630574608689,0.003001613961060154,0.002129958543753923
2015-01-21,0.0076056373314938655,0.0266255183222718,0.0217387562750594,0.006536783148050641,-0.010183127498550264,0.013889070660300738,0.005035513576817952
2015-01-22,0.02568267771165699,0.04303046145131587,0.03107346566800306,0.011788491887872487,0.02600889348650362,0.01709475896635793,0.014761685874094353
2015-01-23,0.00514695633628394,0.006648407611927956,0.01035055661281742,0.0023153885031092095,0.0010600913394951301,0.00290098235851486,-0.005497971491516118
2015-01-26,0.001061559238156543,-0.008777508890486037,-0.008817434887310413,-0.004248850617607024,-0.0036097222168150495,-0.004355298086702006,0.002338943439015984
2015-01-27,-0.03564129942786615,-0.009441849857626305,-0.03146827640800461,-0.022443651540136847,-0.09709864488926784,-0.04920263322927568,-0.013278286303313135
2015-01-28,0.054992847580836286,-0.009301429174865683,-0.016780035176384468,0.00605183861871153,-0.03506583861177376,-0.016435628955190306,-0.012907576989212879
2015-01-29,0.030658562872342626,0.025566165189589755,0.0012932160494760348,0.022822562390056898,0.019712252239633733,0.024048355040192666,0.009201358384907637
2015-01-30,-0.014742082045103654,0.12849514892877184,0.04566518037566892,-0.02716021590291306,-0.03907817945787133,-0.029761125582109048,-0.012654568880020839
2015-02-02,0.012468944479768823,0.027651261355507578,-0.011364241607661587,-0.01219382853547312,0.02154838870351766,0.021639016256533923,0.012307752445900667
2015-02-03,0.00016844250385377295,-0.002527378513748023,0.001437100564274566,0.0054524724145604865,0.007721752265497265,0.024667788868401524,0.014357818670961895
2015-02-04,0.0076404198083653415,0.0032953190647652506,-0.012319487542291348,0.0030458487788845513,0.005752968869972708,0.0024831465043929305,-0.0038150266448421922
2015-02-05,0.007112050442936816,0.024749489304619617,0.009177897451295956,-0.00026446638633715664,0.014474267212594193,0.016236753654894746,0.010044358112484792
2015-02-06,-0.008456523001927799,0.0010425830406616764,0.006461647298705047,-0.015192208635159028,-0.0009430616976763319,-0.004401919849989929,-0.0027689619119955254
2015-02-09,0.00662055005115386,-0.00998884955846854,-0.005987695965524406,-0.0004028552289660668,-0.0011793937454405241,-0.0009811529052619807,-0.004486064638493072
2015-02-10,0.019029432855885656,0.006563030833522425,0.017111977119645242,0.01002474545870959,0.0056494117368268764,0.027584441016207,0.010597121458664474
2015-02-11,0.023168166917915414,0.005720888815523967,-0.001808167641782219,0.017403202853259695,-0.005177634869358696,-0.00670465961007843,0.0005797335726074429
2015-02-12,0.012572685692453782,0.005396701104405952,0.012902139037349741,-0.003666373345773619,0.016614665504443137,0.0691531633115104,0.009570804372025872
2015-02-13,0.004891140506618191,0.012279459098634262,0.011136340498207187,-0.006448677849523028,0.017939718205015946,0.00044756708949707523,0.004108345349070926
2015-02-17,0.005884204917111347,-0.01690343200013241,-0.011301990604486771,-0.0018501434145465944,0.00045920593403490565,0.003133144765646247,0.0015716584664878807
2015-02-18,0.006937987983210796,-0.005502082900133491,-0.005801193496313955,0.014575684226552922,-0.001148359513501358,-0.011685625076617445,9.530214908333768e-05
2015-02-19,-0.0020996082151699207,0.014966312035109902,0.005856460543471682,0.034718144886176645,-0.0006895268788863777,0.002709017806823811,-0.0007141587147032025
2015-02-20,0.00814114335253099,0.012220527796125482,-0.007247108933600635,0.006025888045908371,0.008242096689788554,0.007188076405115717,0.005982603338018072
2015-02-23,0.026668415841436557,-0.009217168822113446,-0.01314848671519067,-0.013355440218411289,0.006590320777844253,-0.008090005619890305,-0.00014207528296494257
2015-02-24,-0.006260235380191426,-0.004085748360366676,0.007827722622387928,-0.004958985877719099,-0.0013602437326310762,0.010588617692215953,0.00283672603289861
2015-02-25,-0.025905990626389815,0.017750023321773792,0.014408173448607751,0.014049866881651274,-0.002270621337520878,-0.007648749633871884,-0.0008500260222746099
2015-02-26,0.012576748028231768,-0.001480172383095798,0.021122290897099376,0.010627157194661365,0.0015900566549185973,0.002706348911201542,-0.0011818735056101325
2015-02-27,-0.015142101053731665,-0.012131520665915154,0.005242972810811607,-0.018070427917523172,-0.004777673818170496,-0.0063260583974659255,-0.0034122540219595323
2015-03-02,0.004892241215125159,0.014364015123052923,0.022909108773112846,0.009828577492785899,0.0006841260975886371,0.024183337470930627,0.006293803337674346
2015-03-03,0.0020894080046966685,-0.0027264055823154843,0.004017450795762431,-0.0018827906845948065,-0.013768147067240466,-0.018758730556045867,-0.00411228892120112
2015-03-04,-0.0063591590358550625,-0.004926161193133822,-0.0004708205671364538,0.01619983699751522,-0.005096025557910695,0.011208499905954034,-0.004224953159782844
2015-03-05,-0.01670951308168665,0.013263489096297565,0.003412604589545336,0.0038246038544998387,0.0011600632608366023,0.01898951063536284,0.0010937138332692876
2015-03-06,0.0015018223353462721,-0.020159086597809534,-0.013377170959236101,-0.0148866481607105,-0.017550034707007844,-0.013653708340440126,-0.014164363199978446
2015-03-09,0.004256457125441718,-0.004033482888479241,0.002050148762492618,-0.00714976021230267,0.01150076220564492,0.0026573171620727014,0.00413613751128195
2015-03-10,-0.020902629783115235,-0.024196744784348488,-0.024630661884207948,-0.024079086332533445,-0.01932161142637705,0.017101847369586486,-0.016355078587634932
2015-03-11,-0.018399787843397353,-0.008534029363169621,-0.006924716268420598,0.000257851324474377,-0.0011904176282478787,-0.005231240697914676,-0.002344402387248794
2015-03-12,0.017917516365696266,0.021253517088100537,0.00782509342848391,0.017380598257385322,-0.023133594407294615,-0.009220550432723575,0.012634199553241784
2015-03-13,-0.006934267312099425,-0.009827987507792043,-0.01485284027149945,-0.011211537620990877,0.008738226855087234,0.0013222357065414733,-0.006151693278643823
2015-03-16,0.01094396041720829,0.0074469833398575465,0.013051205086756019,0.00025600313986886983,0.004340218628096665,0.011824470149149523,0.013272189544770196
2015-03-17,0.01658831106587259,-0.0038374794735981962,-0.0066404314565710505,0.01638866742736857,0.0033628564677146847,0.012116021044952355,-0.0029769169681874152
2015-03-18,0.011193148114701441,0.008620474519045398,0.015599045302896807,0.019342950991614084,0.019002905832153916,-0.016479513267976375,0.0119499278123995
2015-03-19,-0.00757891356865037,-0.005077608480877715,-0.0027024135434800863,0.022486624586340362,-0.004953058483297135,0.015188470256071684,-0.004571976994993617
2015-03-20,-0.012628262849420167,0.013967947123365439,0.004238330531467133,0.012609112152955114,0.013854663837969742,0.010709051664135829,0.008787900542445505
2015-03-23,0.010351405350283479,-0.008970268052454936,-0.002770004132899764,0.0074896148926908756,-0.0004668076278696706,-0.032917670690241124,-0.0019500832236022851
2015-03-24,-0.004096166849188553,-0.0027229378138794243,0.020160251376407107,0.010368889576573557,0.0009332940612999147,-0.013744734440250888,-0.005635037128067551
2015-03-25,-0.026474409447471085,-0.008402162599518113,-0.020204843946610075,-0.02841540491319163,-0.03414276067004951,-0.06263547186685978,-0.01476266515381965
2015-03-26,0.0069463067768528635,-0.009779169500559888,-0.006490461654112115,0.0010848765469481743,-0.0060484763855674735,-0.0033324880506907383,-0.002383758562923914
2015-03-27,-0.008000220894460171,0.008700279674878311,-0.012378802471794802,0.0034874216195731516,-0.005840917049189792,0.01936358742448072,0.0022871306980320693
2015-03-30,0.024999256004900668,0.010816716379716264,0.006706885649906456,-0.0012011381431869788,-0.00024371643978269835,0.00420033855021188,0.012125907495536464
2015-03-31,-0.015470795120789986,-0.00666947398762797,-0.007327055304832146,-0.011848885249565634,-0.007351467927183884,-0.025472949555273985,-0.008777660991609594
2015-04-01,-0.0014477553064349204,-0.004957122812163059,-0.009976658809214044,-0.006711819103379978,0.0014749066659683915,0.003814763053212636,-0.0035427716415501755
2015-04-02,0.008574920234538394,0.005360142637337408,-0.013041872421581321,-0.0013477678129370848,-0.010616551197009055,0.00237713713631741,0.0035910135977654622
2015-04-06,0.01606871458082724,0.012785614000309035,0.0023034931253632074,0.010731807395277236,0.03079433909746603,0.028552789310578773,0.006710558443986023
2015-04-07,-0.010578011290441761,-0.006999740390030553,0.00047487942577792045,-0.0014567742333363072,-0.0004813264544331418,0.008730270256824848,-0.0026496248349801616
2015-04-08,-0.0032589558518334788,0.017972639576541403,0.008510913935521431,-0.0004860012354746961,-0.002651980087572865,0.007291900396954302,0.0033712084127461997
2015-04-09,0.007614180097017497,0.006119776472180107,-0.0015336505665042924,-0.0013377692524670407,0.0014472216917595807,0.02289729528355363,0.004413601890497186
2015-04-10,0.0042577995185149806,-0.002323202927133299,-0.0014248836456972965,-0.0015833022786602923,0.005769308486956124,0.010156732391764364,0.00544229277955426
2015-04-13,-0.0019689237990818675,-0.0007581425134450244,-0.0015566986065349304,0.011754228294157837,0.0009585714800357786,-0.009269608154477695,-0.004532908411949365
2015-04-14,-0.004345313200215756,0.007166474179881308,-0.016418322137824657,0.0061249499177123265,-0.0026375669544117745,-0.008461672357909298,0.0019109375999396912
2015-04-15,0.003793338035344761,-0.004319782926109481,0.00402657862032881,-0.009745513284184553,0.014539094017044101,0.012003304377489614,0.004476862465289819
2015-04-16,-0.004823280517166787,0.006731727364913847,0.002382040996460516,-0.004847930529020626,-0.0023690637930895717,-0.006205919311455257,-0.0002846905756047118
2015-04-17,-0.01131812736430535,-0.027522754520884297,-0.018434125190474892,-0.01876329247163916,-0.012890905067170149,-0.012978563426420673,-0.011570546237747987
2015-04-20,0.02258822700503816,0.036471305516949735,0.02138961981811037,0.028195010904772805,0.030524400543391117,-0.004966949427329152,0.009095596986520384
2015-04-21,-0.005422032226558406,0.004278268482925638,-0.0026370047359152203,0.006358356084380607,-0.006312289049436383,-0.0013591089701366925,-0.0011919127207343793
2015-04-22,0.013384039645500913,-0.0035340375596052956,0.010052802582039725,0.012006140241158066,0.008174389675372746,0.011268459120136208,0.004901956770457286
2015-04-23,0.008130559424312636,0.0004873365248035342,0.01405625828407014,-0.026582003722226535,0.008108826815253841,-0.004041983843047942,0.0025128725983821444
2015-04-24,0.004693068425502133,0.13217782645721562,0.032483130695375485,-0.010735734469726825,0.09941261821398369,-0.008587433938634962,0.002317861448514987
2015-04-27,0.01802829597640748,-0.014802328720787992,-0.014555572019563074,0.004650069588548869,0.0033370642657786125,0.007687017059012587,-0.004166680431093365
2015-04-28,-0.01588103019318057,-0.021317346584747692,-0.0030476401141033074,-0.015130470585074187,0.023254414508705492,0.00494240072267031,0.0031739320508290102
2015-04-29,-0.014815278595576126,0.00013976146658735783,-0.008342846503006037,-0.0026062747059370523,-0.002035936326214674,-0.007648749633871884,-0.004122925482170049
2015-04-30,-0.027504624781762264,-0.017835140106403087,-0.0216130881111719,-0.0213522644384336,-0.00859780028027256,0.002706348911201542,-0.010070938545935436
2015-05-01,0.029911707340680094,0.0025808892506080355,0.0010416789281274986,0.00278899924312111,0.0004108913149102049,0.024473033385429353,0.010782962792980084
2015-05-04,-0.0019406487812952747,0.0004019838049338454,0.005339919646909523,-0.0022812499213373675,-0.008669061670097893,-0.006172865505061259,0.002843038006473455
2015-05-05,-0.022790690434320384,-0.0043827314519974065,-0.018627270675310795,-0.01598815369465001,-0.013355782991742227,-0.025987184939380858,-0.011517711093705476
2015-05-06,-0.006299699931165298,-0.004974474679941024,-0.012473904166639785,0.0069383544554565265,-0.02812249988905814,0.0031722832438744047,-0.004125464881900069
2015-05-07,0.006166300614883897,0.018393385562940696,0.012285464245996795,0.004216277764685477,0.009034167498361678,0.01749329724155892,0.0039819125553460935
2015-05-08,0.018665490088950302,0.01582704434698185,0.014070549227538245,0.0010195422250315039,0.022235136852924334,-0.0766770414819398,0.013079929463725666
2015-05-11,-0.010239063764047408,-0.0019387370635095265,-0.004693074380324324,-0.0063889400006319815,-0.007990096113986224,-0.009647267410369443,-0.0047840480782090425
2015-05-12,-0.0035686404749526906,-0.004236723783933855,-0.012510311306408825,-0.007075322929939465,-0.00042217687871341216,0.009647267410369576,-0.0029958635356476834
2015-05-13,0.0011118029855061672,-0.009674996692712878,0.0010957965309625996,0.012572354815787308,0.005895715231523561,0.0057447211589308975,0.00019082112245339484
2015-05-14,0.023063354417949048,0.012594017600344542,0.016441931798873335,0.03667269145625023,0.022627079213291913,0.016098720861857405,0.010373299051824507
2015-05-15,-0.0013969179635389892,-0.014634230809673496,-0.008486889498882436,-0.011743846671525846,-0.008658429263515644,0.0004697853348728217,0.0010833384253107381
2015-05-18,0.010967067937851975,-0.0017856359365701227,-0.0029077215984686026,0.0057035640071037095,-0.006022180390836684,-0.0014092042816978062,0.003102117111093283
2015-05-19,-0.0009221024010059537,-0.008335766490117151,0.00946114210143692,-0.0030956709586640375,-0.0025187501932836154,-0.00625442535589374,-0.00032872654202966746
2015-05-20,-7.69567398620977e-05,0.0050853414440791295,0.003548026894905395,-0.0009926268672537635,0.0,0.0,-0.0007043007472765527
2015-05-21,0.010174266724775735,0.01816544858996659,0.0059900479714402825,-0.0008694051649116399,-0.0033684495105780242,-0.00715447310236696,0.0029082960778945683
2015-05-22,0.00871438944638785,-0.009310350922674376,-0.00443362919603084,0.0007451146268092899,-0.011026277106627933,-0.00143710480023001,-0.002391606222070435
2015-05-26,-0.02227753778791735,-0.005063886094626784,-0.014527995803556449,-0.015137416176067378,-0.00663173375202439,-0.006252024639352136,-0.010809816799120468
2015-05-27,0.018498022780663505,0.013887592912888979,0.013935390463528178,0.015261706714169704,0.021656696648137696,0.05216140199752567,0.009447276450160877
2015-05-28,-0.001971015441846191,-0.011305538821696852,-1.850011722726045e-05,-0.004978350815343208,-0.0033662308147939485,0.013642692051317804,-0.0011289719850217537
2015-05-29,-0.01144808006492663,0.006216398486480132,-0.014311351698425581,-0.012049795647333161,-0.012512333405101102,-0.0004510989465321884,-0.006232405177620889
2015-06-01,0.0019938827675974,0.003929522453572549,0.003526797384218062,0.013795096337991874,0.00786504563567779,0.011233050815893222,0.002034487386953351
2015-06-02,-0.004452706461998541,0.00016242924792519466,0.009672282103452319,0.0018665296768557906,-0.00658505761046699,-0.01985651800619609,-0.00099277875951859
2015-06-03,0.0012299710042277291,0.012909683360482354,0.0020936577214129976,0.024559123699845874,-0.0014933846805084102,-0.010998696107698581,0.0026457967070059865
2015-06-04,-0.005857596648505606,-0.01339705027547289,-0.006703856986613642,-0.004741922325300058,-0.010514232197239471,0.017812496378176022,-0.008482714888902131
2015-06-05,-0.005503946946282815,-0.00893059519904854,-0.006298759957135524,0.0010962800652337692,-0.004756242584488133,0.007666439013007943,-0.0017147591867663389
2015-06-08,-0.006628696797838912,-0.00811342514389438,-0.012262563889945377,-0.01805838993726268,-0.008925799826129186,-0.023177472323379893,-0.006168477669696955
2015-06-09,-0.002978078723316924,0.0046644732113107,-0.00026562461477739994,0.0,-0.0017509920771907371,0.005044425790078799,-0.0001435790569007701
2015-06-10,0.011393326335289083,0.012356345908307004,0.01880834182953798,0.018301834229759346,0.020811470455509698,-0.01800137944452414,0.011921820112519967
2015-06-11,-0.0022532136622799358,0.005094164796486129,-0.0038831124078981495,-0.0040245697102311686,-0.0036539517838022973,0.01065549058664123,0.00321819981715946
2015-06-12,-0.011104021780819137,-0.007069303623812147,-0.004273868300561026,-0.003672868356753888,-0.010172063103660546,-0.027565803017631087,-0.007684087408073644
2015-06-15,-0.001967840812817769,-0.01464429435721301,-0.009683480023091075,-0.010108697814059849,-0.010716294903082155,-0.0018960223149672968,-0.004294880296569766
2015-06-16,0.005343190309004427,0.008437903938059568,0.0018001751319061945,0.004327336986687686,0.007666292809909759,0.012263544919336818,0.0054368418705307495
2015-06-17,-0.0023535309463381766,0.0012863624751618726,0.0020994548912840606,0.008965410926965948,0.0030500020931724043,0.011652947613004836,0.0016156653062856102
2015-06-18,0.004545671344758142,0.02670825222184991,0.014015326719798677,0.01360063036825471,0.016183219690547906,0.016544028907955366,0.010345627000045265
2015-06-19,-0.01005980114738273,-0.010225263170542422,-7.449601143858603e-05,-0.004836207482346771,-0.013359455421513039,-0.0031952366622461964,-0.004448920502990916
2015-06-22,0.0079462347170066,0.003145077468608174,0.0027910582394047637,0.02666817368197255,0.002816289672619981,-0.004123769771288103,0.0051102072941343725
2015-06-23,-0.004555512373633528,0.021989311417397437,0.004245978809964997,0.03638436887630561,-0.006946127338973969,-0.026048295759163845,0.0007075902685801935
2015-06-24,0.008466244123635839,-0.011614518831298546,-0.0048964697958110495,0.011089962039109495,-0.005898435706830013,-0.009945123937724594,-0.0072893427608741075
2015-06-25,-0.004772910969776108,-0.0016800538374842117,-0.0048646607471639815,-0.0099525788789625,0.00021905353610208485,0.007586225962583511,-0.003044653449247943
2015-06-26,-0.00589975457279473,-0.0045547095123684034,-0.006635931095256104,0.0003409541247482895,-0.00857991656508342,-0.02052070199419554,-0.00019090717077888827
2015-06-29,-0.017670139362126535,-0.018987650467357453,-0.019312957306517824,-0.025431379386683575,-0.01986004591504478,-0.030349835907922555,-0.02119365750692821
2015-06-30,0.007201047209782486,0.009792319313729854,-0.001938554772399101,-0.00034991667144794306,-0.004970688212589196,-0.000497440365857858,0.0020913729758204195
2015-07-01,0.009284791227906073,0.007573314318589781,0.00255191402971409,0.01320400004108188,0.006772445268789611,0.014318097038030723,0.0079834627157999
2015-07-02,-0.001264527960366161,0.0007313792115561281,0.002984998415994086,0.0043628427389481245,-0.001125841735123489,0.0009801386953119202,-0.0009161210007885499
2015-07-06,-0.003486007132551068,-0.0038226041830913536,-0.0010322069802974128,0.0029741687656244602,-0.00022551907200784468,-0.01231876384009057,-0.0028501673663404673
2015-07-07,-0.002463219965971549,0.0015582933786275465,0.00412259687981311,-0.0037765047438911483,-0.002029078849862986,-0.019019808810593238,0.006269260690585729
2015-07-08,-0.025136271488183093,-0.01620495854921257,-0.015722379027505916,-0.018164503539834884,-0.001355541402759996,-0.007099193095042554,-0.016919521274124615
2015-07-09,-0.020607527415096305,0.010855409939170349,0.007421614428217447,0.002681830870191134,0.0063094391995847186,-0.012289013590021833,0.0018072857854702846
2015-07-10,0.02638335974948083,0.02077765950262371,0.01798665822055861,0.02381743738714957,0.002019654663673277,0.017364905302509573,0.012513209618683255
2015-07-13,0.019121640035433506,0.02682897612278171,0.030503475748623013,0.02415167397257418,0.020632570231283943,0.006560925425992471,0.01097616850296246
2015-07-14,-0.0003979442945439952,0.021713079555152615,0.026273411007807036,-0.004672396445607204,0.001755024585317157,0.0005028223712698199,0.004329126773950262
2015-07-15,0.009586760479240754,-0.009452349965458655,-0.001569518714472218,0.0008917016636989242,0.003064117634334074,-0.007063747797262258,-0.0003324446343998674
2015-07-16,0.01323795723593779,0.03051473282903452,0.034439808319739404,0.012070271310194837,0.019477150755554215,0.022033932052123815,0.007992187483256424
2015-07-17,0.008600245649432646,0.01571250303118269,0.14887197864429172,0.04435140404445775,-0.0008578048122115483,-0.005961428890232368,0.0008476999053614937
2015-07-20,0.018725091086102888,0.01048300082484486,-0.01483609671574236,0.03048770225291757,0.0064146855917022174,-0.018607259693587085,0.0005172062132554905
2015-07-21,-0.010044995347692704,-0.00020494080940346978,-0.0010865251389002642,0.004890382394871537,0.007643195562821312,0.004558057914250372,-0.003959042561386811
2015-07-22,-0.04321466214519919,0.0005531344451505448,-0.00030218330274550247,-0.013815927629374605,-0.03749636931751744,-0.019388206685064347,-0.001795914255499919
2015-07-23,-0.0004794485235305967,-0.012551067355651577,-0.027283153852399784,-0.016625489695468045,0.012438896953449713,0.0122890135900218,-0.005646021694348116
2015-07-24,-0.005287312248741533,0.09346463575117221,-0.03268844464801556,0.01569761598674864,-0.0036937424664725124,-0.011773828593154958,-0.010426189609268532
2015-07-27,-0.013992982064856649,0.003751736482401084,0.005916133732404043,-0.029093799208722,-0.01292597913715623,-0.0056806014930912245,-0.005834135888788524
2015-07-28,0.0049564137045820114,-0.01017557202723197,0.0011789893084830341,0.011823240784010976,-0.00022059995502534446,0.02151716508722466,0.012208279904184306
2015-07-29,-0.003165757454635802,0.0056302031879088225,0.0062385612035721775,0.01768303545715516,0.02073659024176228,0.012090900782143352,0.006855272539810465
2015-07-30,-0.005053961167372319,0.014562582082145127,0.0010437584266162812,-0.018522966954147464,0.012665240829258202,0.0025005287516622603,0.00023740219595288042
2015-07-31,-0.008782333629006354,-0.0011370388129638095,-0.01109527670699776,-0.012683719862797408,-0.0038473269595648983,-0.0035024565854374933,-0.0015191588931932612
2015-08-03,-0.023860350815717666,-0.002091214682903946,0.008911324613426808,0.001381844501707565,0.0023524789953265823,0.016898948467829494,-0.0033787432889567054
2015-08-04,-0.032609565245149456,-0.005867313359490785,-0.0031098562035309298,-0.0008501147530951149,0.015475021790823097,0.003934958973155735,-0.001956084268151736
2015-08-05,0.006607243322327564,0.009561244357738303,0.022828396027631155,0.024988230851668992,0.0008409333780721715,0.010256891903886093,0.003289959926640156
2015-08-06,0.0021738026368007136,-0.014159117203467297,-0.0017100689009796797,-0.01378179601328351,-0.02038302550747914,-0.006336994839867691,-0.008221282293491644
2015-08-07,0.0033815922262932082,-0.013002960688429046,-0.011549582986362219,-0.008658174247913512,0.0025707386996721374,0.1166414401417469,-0.0019217820457271746
2015-08-10,0.03571223964548958,0.002637071045348761,-0.002474339394199139,-0.0015918915502340337,0.012544161934673496,0.03422064273012463,0.01252055029452296
2015-08-11,-0.05344108255520433,0.006581288985736997,0.04179801863350859,-0.005645208273953665,-0.019629372268784563,-0.005058854016757637,-0.009064206094311826
2015-08-12,0.015302214137644557,-0.0029429145338807517,-0.0018481141626130702,0.00607003111435417,0.007085210334111205,0.0025324702496913715,0.0011973380417875353
2015-08-13,-0.0007811452773279981,0.007105195874011613,-0.004726494671911645,-0.008101508255575101,-0.0002137559555366233,-0.008467536040748362,-0.0012453553447274483
2015-08-14,0.007009608572839675,0.0035055506963879903,0.0010201049971635655,0.010540398147302952,0.005761433919348367,0.000849652540943119,0.0036358258110602308
2015-08-17,0.0102955008072646,0.006937030886517252,0.005690740198824245,-0.005203265652716408,0.006785299813581571,-0.006392429980079787,0.005571127871513125
2015-08-18,-0.005649480324596491,-0.000373756509223592,-0.007198341339470253,0.013114983843850687,0.005515150655445364,-0.009143365495876684,-0.0029008822119157797
2015-08-19,-0.012872179466535157,-0.003932793184296871,0.007243439390544704,0.0014700547016987893,-0.014060440270494736,-0.003906967242995278,-0.007936722137590843
2015-08-20,-0.02073338627291449,-0.032691014838186455,-0.021518934955626078,-0.051122031964167834,-0.02059268757443582,-0.03677028104926199,-0.02110252685395197
2015-08-21,-0.06311319760698879,-0.04219384732642084,-0.05456713472509812,-0.050967984411568405,-0.0583958125214195,-0.03163226834076949,-0.03056463335846894
2015-08-24,-0.025279407090273192,-0.06496054361794366,-0.03805501759303303,-0.047228640940279364,-0.032805286306101154,-0.03603983796569373,-0.043019070904086854
2015-08-25,0.005994741581596984,0.006453422872329922,-0.01288773210649662,0.011024426904164083,-0.029460820487007617,-0.02098159999011163,-0.01183749427465097
2015-08-26,0.05577031907735837,0.07116757438876509,0.07695335736152034,0.04924911034052259,0.05387232463427014,0.07273297378595972,0.03767473569834297
2015-08-27,0.02902120625375607,0.03454240059306778,0.01419982958334762,0.02871548113979728,0.02748164415466459,0.036908037409165304,0.0244341624537452
2015-08-28,0.003271694345441412,-0.0006947859679200845,-0.011403943369299526,0.014164164725391113,0.0006825617313192399,0.004409457257740033,5.018883436126641e-05
2015-08-31,-0.004689304621092738,-0.00993309597204411,-0.01942987855180549,-0.0175131250025639,-0.009376892626949773,-0.01105998777318259,-0.008111735728492176
2015-09-01,-0.04572643894221902,-0.032397395121310214,-0.03365337016281026,-0.024907794020780364,-0.03984558795967506,-0.04178650954416627,-0.030302312165621476
2015-09-02,0.041994517306757226,0.027824551312481318,0.027308962802307126,0.03003828540351642,0.03616286220945146,0.029702880289620367,0.01880323896739587
2015-09-03,-0.017691538988979027,-0.011484759497810694,-0.013256073466680002,-0.01954671218073259,0.0032232141053102803,0.002698631909197891,0.0007161916960567431
2015-09-04,-0.010016629346420445,-0.011397696150875184,-0.00919679634568202,0.0012470728912508983,-0.020671549440027744,-0.023627011451795472,-0.01525256932925597
2015-09-08,0.027441058019707264,0.03648072176048199,0.02297351887160122,0.014286657510622084,0.02959720261432298,0.041869049491403666,0.02482067663704178
2015-09-09,-0.01941951282980952,-0.0012567781186459805,-0.0031610651116861653,0.010112990862947846,-0.018859672629577016,-0.020040279779640468,-0.013462225204286929
2015-09-10,0.021731900945069358,0.010297163664101251,0.01398642828685813,0.01688463502706885,0.005095091737366956,0.015621945475916998,0.005427380628457632
2015-09-11,0.014463736503256623,0.013692615148410357,0.007088353470512807,0.0007608304907286456,0.004379406195036519,0.0030951857838310477,0.004534068589842666
2015-09-14,0.009585294030920236,-0.015340696921933065,-0.004051173717880694,0.0028202554158479713,-0.01017130350929649,0.001764277679282198,-0.003717430699440845
2015-09-15,0.008376827748485262,0.0018969878443180286,0.01891370206518029,0.006371288688510673,0.021605125102649617,0.010957864789921508,0.012421667126501461
2015-09-16,0.0011174600520830853,0.009564143002022603,0.0013217640631131306,0.005902865814269624,0.007249659927752794,0.006950797513629522,0.008629216679049388
2015-09-17,-0.02162198830517736,0.021534090980653404,0.010822092433427674,0.009478695165588509,-0.0011295726939564434,0.009049837433024625,-0.0022503636493222553
2015-09-18,-0.0041342490400651565,0.002576149550911345,-0.021460646623906322,0.0006357619079809901,-0.01755390882714971,-0.0008585498656792119,-0.016476731178026022
2015-09-21,0.015394278901528674,0.014936202215630164,0.00978908384092083,0.012108648138312897,0.014385312717177176,0.010251973922562376,0.005154292669946518
2015-09-22,-0.0158349457125872,-0.018384944291586505,-0.020268875063076355,-0.027480275170701444,-0.004771948653754785,-0.027576068456027867,-0.013064716371453842
2015-09-23,0.00808019727037315,-0.004337060639394074,-0.0005301636749215645,0.010806172406357404,-0.0006838262593689293,0.0047943435076296045,-0.0015997321565843418
2015-09-24,0.00593050322265604,-0.004337155982388765,0.005512151136200838,0.0046714975405198565,0.0009113653729979144,0.018949305481308295,-0.0036222381524863077
2015-09-25,-0.0025250668847188124,-0.01795890931377515,-0.022347568114705906,-0.01752375028366459,0.0006832035404435023,0.00722665868503274,-0.0002591471078781368
2015-09-28,-0.019987196030585703,-0.03927338173950382,-0.028306762583388188,-0.039130051471931784,-0.014903512912531319,-0.013217161867350936,-0.02541786280515684
2015-09-29,-0.030521883989808114,-0.015978259064668845,0.00013447617659876018,-0.0288853874174377,0.0034584190731643837,0.01744387528261807,0.000585319838399456
2015-09-30,0.011305742660059305,0.03139272768568419,0.02235443283635527,0.03659008237936263,0.018701031278427375,0.03888036647916752,0.018486210204627027
2015-10-01,-0.006548891153412509,0.017102700194569404,0.004706110057154545,0.011611904894843669,0.007876901562826338,-0.01966532743814375,0.002605475849833751
2015-10-02,0.007274024978602069,0.022445600200184785,0.025231457051265727,0.012239280185218679,0.02129136548699578,0.025731867677863045,0.014827407494132135
2015-10-05,0.0036174196715093258,0.020702796539557356,0.022959519904736162,0.02085206061719357,0.02299454864388807,0.024692340014699356,0.017638443097869053
2015-10-06,0.004772689178593851,-0.01146926859723264,0.00616984729768149,-0.012954619380644666,0.0025701337689440556,0.012898393685625441,-0.003432221571246929
2015-10-07,-0.004772689178593894,0.008263728262103982,-0.004783504850153006,-0.004319599951437062,0.0010687320913231745,0.010431051777045647,0.008157265040214258
2015-10-08,-0.011621874281264703,-0.01633369648571856,-0.004993964394234316,0.0007572076794621611,0.013793611729458057,0.005748230995078762,0.008986233332682917
2015-10-09,0.023645344132556822,0.012377089879623358,0.006938184984269566,0.008292565760800511,-0.00719115408565371,-0.003828448943749385,0.0005960832198834008
2015-10-12,-0.004648685086050883,0.019064999316853213,0.004742876535574633,0.010880190387828656,-0.002337983227286294,0.010682303817628601,0.0009431918385776561
2015-10-13,0.0017010630766317132,-0.0023474269842082953,0.008668700276827396,-0.0014864424445073183,-0.0023429020277352178,0.001896413708367076,-0.006321857629721441
2015-10-14,-0.014234623001412086,-0.007442413670491155,-0.0017492323062326149,-0.0005313092021215789,-0.004488675964687079,0.03571793590957706,-0.004805565629704275
2015-10-15,0.014860565811649906,0.031810601732728636,0.016117499178461246,0.019892216099915656,0.007044669643873071,0.00255512366090553,0.015237536428398493
2015-10-16,-0.007357580335211356,0.014684357306616063,0.0006947409021882922,0.016331205300343113,0.010579592023995603,0.015554657528763298,0.004536761864435229
2015-10-19,0.006194640315185637,0.004178628795449432,0.005872225353127298,0.00948931452988316,0.002312638998510287,-0.0017963260957289855,0.0004915795455363798
2015-10-20,0.018093793840880272,-0.021640437393723278,-0.02403670274820201,-0.015040988825465628,0.003144904187765852,-0.0014392288070975603,-0.0012792321306186025
2015-10-21,-8.818330973191265e-05,-0.009152467645848823,-0.011865217007961835,0.0011335161087759867,-0.01200404649056704,-0.013048203565720314,-0.006222739498198584
2015-10-22,0.015179756997465342,0.014540110170808777,0.014184442216531897,0.02602025152200564,0.01743205764278897,0.03548122741664786,0.01675263884891466
2015-10-23,0.030525012134588057,0.06041703456412543,0.07421092914362917,0.024969152499874425,0.09601044827718505,0.006667715084636862,0.010902118718965466
2015-10-26,-0.03243191407347218,0.015865991188240783,0.01523949386524835,0.015343172433605765,0.02576685035988407,-0.004557513508129113,-0.0024607202834096265
2015-10-27,-0.00635222800831285,0.003935684634853103,-0.0060369044345920456,-0.00067487178999581,-0.010376345821936946,-0.0007029633633838134,-0.0019346270640255231
2015-10-28,0.04037822473682156,0.009917716371994578,0.0062753702160711945,0.0048099089421495414,0.005386962411413289,0.008054995679878073,0.011310587605331697
2015-10-29,0.01050883029894102,0.015197489637304624,0.005552976226601516,0.0065047355186655855,-0.011551950462367991,-0.03514113823580291,-0.0005745983685783634
2015-10-30,-0.008582133795875059,-0.0010379437598100534,-0.008559128748671001,-0.028138155360288027,-0.013584885420122338,0.024621871983640558,-0.004318611156975144
2015-11-02,0.01396045176809443,0.003906705122261544,0.014386572995545079,0.013055511188266486,0.011333487695133952,0.011564730708376832,0.011761129125339992
2015-11-03,0.01140538732212272,-0.004849823028025014,0.0014549210247792135,-0.007091082779880965,0.016947922748158848,-0.0069929647241819765,0.002895432369703303
2015-11-04,-0.004661047548014484,0.024703971340571496,0.008205650132793134,0.013170876803047606,0.004605978449703141,-0.01662892808220077,-0.0030380035794785867
2015-11-05,-0.004620669308644879,0.022675677410498654,0.004303065127394402,0.04532966133973242,-0.0003678338147390144,-0.011481696679516765,-0.0009989117236972858
2015-11-06,0.0011571530328424486,0.005657632795229069,0.0034267620105090167,-0.015380615743515126,0.00988137913121322,0.1297803497383023,-0.000523429182959231
2015-11-09,-0.0040557671574869,-0.005901677514696447,-0.012162326387353794,-0.00571191643663814,-0.013934970487050051,-0.00444766646345729,-0.009375325635129947
2015-11-10,-0.03202423889918144,0.006371801622698443,0.004720685331044719,0.013246552803833005,-0.01207432907471238,-0.01928648801901318,0.0023042494467037777
2015-11-11,-0.005668339765248862,0.020361782245871995,0.009673927342281473,0.010142036171225124,0.0026133546065087968,-0.009784871413230953,-0.003939503334021626
2015-11-12,-0.003364475826949244,-0.011427833535744648,-0.005686361042658858,-0.009123276497159714,-0.006170335100298716,-0.003612086504982163,-0.014058235411758064
2015-11-13,-0.02964369258416382,-0.03555551684774463,-0.01965223366261478,-0.038406278881902636,-0.009042811173289462,-0.019934090901358448,-0.011291763681208395
2015-11-16,0.016246428586495058,0.008464080178710955,0.016543059089804288,0.0008653438607141448,0.01744703201644047,0.01993409090135839,0.015092603705134097
2015-11-17,-0.00430052772785736,-0.006986209277764125,-0.005033467171736223,0.01042216823335324,-0.008272042122221922,0.0,-0.0007300463126144761
2015-11-18,0.03117398195122871,0.030977875324577683,0.02006479537644771,0.02480171336831678,0.016476541574072318,0.024302137350462657,0.0157416915228116
2015-11-19,0.012623353267437252,-0.003426870357171514,-0.002150877032246789,-0.01411034441230235,0.0016699213849172003,0.0028960935744222864,-0.0008626272184063462
2015-11-20,0.0043683482079373516,0.010799405843003132,0.02433533355491333,0.009926013600249714,0.004624198943290555,0.008638449777641975,0.0036373348567244434
2015-11-23,-0.013077513936015606,0.015644812781888586,-0.0008198696549679161,-0.003453515862085319,0.0,-0.015085966404178879,-0.0011471170267034702
2015-11-24,0.009550524617041766,-0.011613803368476512,-0.010237428864161005,-0.011378199332506838,0.0011066876729345304,0.008052901674670723,0.0013382759611018692
2015-11-25,-0.007175576599039132,0.006223590044783705,-0.00017381308320355124,-0.003125614264539362,-0.010376325176804516,-0.0012840703950737975,-0.00014319324055756075
2015-11-27,-0.00186563240360203,-0.0030846857313211024,0.002816297909255736,0.0003791604141710538,0.004460083145475722,0.008317135124581935,0.0011457477303931077
2015-11-30,0.004150587026737952,-0.012645237381074675,-0.010262193683778823,-0.011540916783747681,0.007757497423731398,0.01045821361887869,-0.004160234372465954
2015-12-01,-0.008148194292491868,0.021223168795362995,0.032381437138282954,0.02725371651867397,0.015880900190389777,0.0319553965992826,0.009490682244311825
2015-12-02,-0.009074718772193515,-0.0045016246967343925,-0.006093991766682662,-0.009850398329468957,-0.00018129474582348847,-0.007662979492782915,-0.010257610867088403
2015-12-03,-0.00933101626573067,-0.014542862655202382,-0.01299094400287901,-0.016061161772951516,-0.018463082349352265,-0.0021558405610313126,-0.0141015564539627
2015-12-04,0.03270576085194515,0.00954529186108015,0.01878495332054203,0.01709765710228782,0.031062399687498188,0.03989617968197932,0.019314843704297244
2015-12-07,-0.006321085793969103,-0.004186292980946955,-0.0046535730701383286,-0.005382674145107674,-0.0017903796133531288,-0.019144854688863244,-0.00607674225954023
2015-12-08,-0.00042265345954700407,0.01113464962931569,-0.0011535349013459804,0.00829801820894725,-0.0003585544317762069,0.013499670883139405,-0.006741934298638165
2015-12-09,-0.022322716557717014,-0.018687478684151916,-0.014214337904713532,-0.017907499594025763,-0.014624988829502686,-0.025654110140689232,-0.007810434667290338
2015-12-10,0.0047456184080555686,-0.003722288377978472,-0.0028647332178962518,0.00780884738702819,0.0052608585223207945,0.008220486906127866,0.0025778674372144766
2015-12-11,-0.026075347393930855,-0.034046342569693445,-0.01423076621448565,-0.03180373155334172,-0.022135767639020802,-0.01496907448916158,-0.019571574486078696
2015-12-14,-0.00620384303304471,0.027365635063433754,0.011973325838567327,0.024568376630803367,0.019780792099367686,0.0024593454820575336,0.00503992860625058
2015-12-15,-0.01785084639679217,0.001108929475256666,-0.005861169915629377,-0.0010516297598860004,0.0010876312644487048,0.012206218763600524,0.010442808443758592
2015-12-16,0.00766375850098638,0.0256757540486396,0.01956784454352292,0.021198981755671194,0.016707469987008155,0.0060478356675032,0.01452586657446744
2015-12-17,-0.021424082492028533,-0.00760540519332874,-0.0114892081766818,-0.005351916429908482,-0.0076905757449858714,-0.015188765135427279,-0.015355234290616176
2015-12-18,-0.0274421073971335,-0.009754435069844242,-0.013595670359526194,-0.020737050979631032,-0.028591184916231027,-0.016355789488748405,-0.017975645366967927
2015-12-21,0.012185902464499115,0.0005568800757596681,0.01137820390831462,0.006991993970374978,0.012848850441569701,0.02337134645025766,0.00821552720777631
2015-12-22,-0.0009320200752924362,-0.002048627001940745,0.0029776197049491684,0.007038331568376486,0.009438765029768328,0.0009115225153202936,0.009033360547943048
2015-12-23,0.012787434676374753,0.0008290357791071377,0.0004133897583371281,-0.00837541524554189,0.008455894283090909,0.003940062170028774,0.01230714199925589
2015-12-24,-0.005354701529371875,-0.0013720937334212534,-0.0025489013833113194,0.0037204780758385092,-0.0026909158489074967,0.003321623488568888,-0.0016519626826171853
2015-12-28,-0.011263590142313722,0.0185507057627864,0.018678071183729734,0.00862763689535071,0.005017080881450353,-0.0009046293945213012,-0.0022871979497086597
2015-12-29,0.017814030672442634,0.027419884076997837,0.018309673048507724,0.012477322911673625,0.010666661015476536,0.01616305425846012,0.010615326005361308
2015-12-30,-0.01314438740290792,-0.007085948930284084,-0.007237001012938709,-0.009743297196441325,-0.004252696513020657,-0.008647509887167185,-0.007113045657401914
2015-12-31,-0.019381545706603696,-0.019312533856740727,-0.015844658026168502,-0.014795435565876777,-0.014849736837757338,-0.01296198236963223,-0.01005382876335038
2016-01-04,0.0008549594041901355,-0.059276317391402614,-0.022710007849715812,-0.023589667179396163,-0.012332587886307889,-0.01806287974698537,-0.01407813370779484
2016-01-05,-0.025378596760311067,-0.0050362826582582305,0.000997084072494797,0.0049767594040724394,0.004551716205946932,0.015936861976797032,0.0016897795579604658
2016-01-06,-0.019763698357273134,-0.0018003578167065514,0.0013994559313062714,0.002333522997332473,-0.018332268298075882,-0.04222912396933785,-0.012694428189933299
2016-01-07,-0.04312128356454191,-0.039841165185002386,-0.023443079807574173,-0.05028685706055138,-0.035401809633273836,-0.04045220788610352,-0.02428402887403904
2016-01-08,0.005273706190305924,-0.0014649816495862417,-0.016546060006797574,-0.006043509528482622,0.0030623273982635078,-0.02169994271524463,-0.011037155873687816
2016-01-11,0.01606249323710982,0.017456438647195635,0.002180921476714086,0.001847651963318677,-0.0005737011628217752,0.0016863762632276162,0.000989637216935699
2016-01-12,0.014409196719748054,0.00024284299430716287,0.01392459104037495,0.01889541677010973,0.009136000584280336,0.0167056909538783,0.008036008678438903
2016-01-13,-0.0260466638465675,-0.06016654204035878,-0.03576672925032475,-0.04035260063897776,-0.021835946913486375,-0.030958277334583357,-0.025257032819142558
2016-01-14,0.02163519658946949,0.0190504563776785,0.020010900970216152,0.030238056680336762,0.02806912337614547,-0.020369967498356845,0.016283482749608766
2016-01-15,-0.024308483020338358,-0.03924225838410732,-0.028770567248061554,-0.035174724003283336,-0.04073584341831254,-0.055948865617226555,-0.02169984899642278
2016-01-19,-0.0048506328074738045,0.007513188458676298,0.010514053653733852,0.0030489037052408067,-0.008469022416095777,0.008082632344272877,0.0013301421820390174
2016-01-20,0.0013441667867740482,-0.004728536149936751,-0.004770564843553166,-0.009598744862011734,0.004539069415022626,0.005473436083613115,-0.012897469504158725
2016-01-21,-0.0050757699984413035,0.005668023638552371,0.011586939322839825,-0.0020158250011835534,-0.006122321057413868,0.011577645841001308,0.005585752653030401
2016-01-22,0.051802150728301216,0.03647325227997746,0.026065840167325077,0.03935959169045644,0.03522777214618326,0.02311200734140376,0.0203078632276461
2016-01-25,-0.019715526712202894,0.0002514756298703957,-0.01890221175791804,-0.009540990458089689,-0.009607998364599014,-0.0010550491149391673,-0.015231923190738272
2016-01-26,0.005515742293525729,0.007881289814971014,0.001923219047928461,0.003395957311786787,0.007310540412834209,0.009803961931933567,0.013550868023750568
2016-01-27,-0.06796472224957995,-0.030223487844411107,-0.018471320332491912,-0.030139385843073022,-0.018377588353870856,-0.011917146959394293,-0.01094289953453954
2016-01-28,0.0071460525094404785,0.08538869217334837,0.04329258359185528,0.14428591847269673,0.01626688957054754,-0.010991126519089008,0.005195620744265158
2016-01-29,0.03395796981002233,-0.07915119292354683,0.016269887332210742,0.02801562012164402,0.05657154928123103,0.04325758210614385,0.02408507835819141
2016-02-01,-0.009392477713809166,-0.020985298936447353,0.012107789757387978,0.025342265305432425,-0.006922023170270683,0.0003411363510024373,-0.0003615424025694629
2016-02-02,-0.02042907729816193,-0.04031036118155143,0.016681874109402552,-0.0041793511576726635,-0.031754572328561825,-0.04324224300012044,-0.01818636370599327
2016-02-03,0.019599555827290532,-0.03883536271861415,-0.05056052353930341,-0.01689429564251756,-0.01597606640328878,0.004976839474008962,0.00597709168615663
2016-02-04,0.008002617132830224,0.009725297854782525,-0.02639947282285557,-0.019715798705050164,-0.003072491466355818,0.00035440642731092534,0.0015670336082396455
2016-02-05,-0.027071067580007133,-0.06576003261553948,-0.035129185528050694,-0.059861198985201036,-0.03602541813817677,-0.06517661828393537,-0.01923430355144449
2016-02-08,0.010474565865008079,-0.028338744199446216,-0.0012149474988251286,-0.04239672327608019,-0.015064953246470593,-0.04686244716303525,-0.013552230830446379
2016-02-09,-0.00021067264508672697,-0.01243098411350577,-0.006804612018807048,-0.0021074099777028555,-0.0026349071503303303,0.010648903168765307,5.401882644532158e-05
2016-02-10,-0.0076089333811695005,0.017295163383573304,0.00882383958882717,0.014560942052640777,0.008687957462813917,-0.002356759765986806,-0.0008630044701284034
2016-02-11,-0.006064606190750006,0.02683455051919019,-0.0014775193424586604,0.008969573280111921,-0.00040238711731750004,-0.005124980632555208,-0.013093554162369
2016-02-12,0.003090247862830946,0.0064497248637008404,-0.0010399203518711457,0.00098072523664488,0.016169787894233244,0.016852961170569853,0.02040714430722191
2016-02-16,0.027804311838844832,0.02727318794641811,0.012523853394381754,-0.003928911609304895,0.018769608448039026,0.047809117681254246,0.016737506742610427
2016-02-17,0.015198691606549622,0.02464111086088663,0.02486906434558098,0.034721336918823224,0.025699551614882254,0.024520649347541792,0.016202719275100096
2016-02-18,-0.019138337449201737,-0.01718482189718473,-0.01572123284930833,-0.016581632377277996,-0.0043973030028546045,0.08254255423830738,-0.004104161165802287
2016-02-19,-0.002288109160841615,0.018681582324656512,0.005091890457537561,0.010575022316197901,-0.007114628494622861,0.013227710907341308,-0.00046884981793606255
2016-02-22,0.008708367352838003,0.04496369647179335,0.007887252409380674,0.024466395017921895,0.01588990084774448,0.03486478313269852,0.014375218305860967
2016-02-23,-0.022864840470901527,-0.01179406802845524,-0.01513277181835563,-0.01599133529619735,-0.028317516721482996,0.002534469770983249,-0.012709723377867596
2016-02-24,0.014781189270957508,0.0019874008292603204,0.005317534589748189,0.013374922927117385,0.0035109109391767007,0.00693807990312869,0.004565139604904585
2016-02-25,0.006843897026407601,0.002001462317041723,0.008809488274588807,0.01107255134993713,0.01430500478960532,0.002197736998559496,0.012038885920812101
2016-02-26,0.001549105763451549,0.0001440843730898221,-0.0009638350291771108,-0.001389057964498844,-0.015473827145029135,-0.006607137406415731,-0.0023040836847024607
2016-02-29,-0.002272397585170298,-0.004892808931288433,-0.010407637209187671,-0.009309331558452951,-0.00822116701127899,-0.006515526910986776,-0.0078731846815006
2016-03-01,0.03894616062579952,0.046881936272885824,0.029707519958804496,0.02676185062473689,0.03286610826244899,0.04336981960239122,0.023234775053383228
2016-03-02,0.0021856090145808632,0.0020185571762998634,5.556855718733334e-05,0.001183027844183216,0.007012235330692786,0.005784455321111165,0.004482439650208227
2016-03-03,0.007416973916442244,-0.0046989696560619815,-0.008985145757177833,-0.0033708383946091966,-0.011396046183072389,-0.008842684968486619,0.003911796436300568
2016-03-04,0.01476730068854118,-0.0040776473798696386,-0.002149842191267369,-0.010918925108745982,-0.0061315965109283305,-0.0030673119372396926,0.0032485250294721703
2016-03-07,-0.0111286835298639,-0.021689184810563263,-0.0223756812385543,-0.024847284546828944,-0.019406798942887063,-0.0064727228608275796,0.0007979342762806045
2016-03-08,-0.008280026311545986,-0.004523324423672128,-0.001713131006420615,0.0018897970350917755,0.012076634222298223,-0.01841201327049702,-0.010978153045446434
2016-03-09,0.0008904231703132316,-0.0014110972070344532,0.016109421980044683,0.014805452000431072,0.022778284215034205,-0.0006301911783292709,0.004927606646594997
2016-03-10,0.000494475636956037,-0.0009656123733343161,0.010690622847774835,-0.0017689264752122219,-0.015063744622585884,-0.0015768333893966078,0.0008020448973892045
2016-03-11,0.0107159592923666,0.018927620860452448,0.019450070411743382,0.01928728099121746,0.019407235479182168,0.016901214477771,0.016008292063578358
2016-03-14,0.002539681402824497,0.006579373578707948,0.005036532148156918,0.004377551852591746,0.0018821502832078092,0.0024802096949438604,-0.0012830221227834978
2016-03-15,0.019894372101998268,0.006345658149205671,-0.0029613921471839306,0.007072980480040314,0.007868314044520873,-0.004966131637901763,-0.0016309790197149507
2016-03-16,0.013203819818633245,-0.004777285551767826,0.010598303649243836,0.013551865739086106,0.014081989964876857,0.02943213050740505,0.0057705420103291525
2016-03-17,-0.0016057981101185383,-0.026163348823340673,0.0022933237729625506,-0.010394293760933954,0.005687630428192119,-0.008495126441628087,0.006324029348828362
2016-03-18,0.001133725481190808,-0.013243321130635607,-0.0002438736646544516,0.0038656637687485345,-0.021637409232646645,0.02971861181869817,0.003922169168913404
2016-03-21,-9.436190782650252e-05,0.003435596899328257,0.006068615290261301,0.0035825773346259302,0.006893430037023797,0.0029533864738136005,0.001417678500264448
2016-03-22,0.00761878478255878,0.011665001910245174,-0.0018073151015556062,0.003569924959940599,0.0038912939527103894,-0.0017712295134358685,-0.0005377233190115869
2016-03-23,-0.005543372064121795,0.01619348377708438,-0.0036378849944147256,0.00258022228185532,-0.0018510325707949639,0.016989352608605,-0.006621208317498115
2016-03-24,-0.004344285262447318,0.023114338753498484,-0.0037466476303329127,0.004521484821349176,0.004436974341897283,0.0014512624108209448,-0.0004430234559322018
2016-03-28,-0.004552687714406349,-0.0052974559029092295,-0.0024100762468623883,0.005645221083524093,-0.012436173981331879,0.010099659705913333,0.0005906543364677591
2016-03-29,0.02339558078620024,0.02383969600342797,0.01520688757190616,0.021320894113437593,0.021617257748440102,0.015950077807078043,0.009207541673734491
2016-03-30,0.017308591558070713,0.008100298200387797,0.007704143893465875,-0.0124764114196921,0.006195299801808138,0.010400673011295306,0.004378064166289956
2016-03-31,-0.005216258128651344,-0.008470877974365666,-0.007462411471103356,-0.005244692883435974,0.003264653856568903,-0.003641974795696808,-0.002429910446769724
2016-04-01,0.009133294058911782,0.008153451207283656,0.006636215578830322,0.017032013265795492,0.006136992128260236,0.014488917896454689,0.00678871807484677
2016-04-04,0.01022154422733075,-0.008911742986402993,-0.006179929592388276,-0.030709626229606192,-0.0025224188612780864,-0.009729009203566362,-0.003242948803570747
2016-04-05,-0.011859464923431354,-0.01195611469764253,-0.010100653366859919,-0.002936421453765041,-0.0158200596942832,-0.0013977830065579166,-0.010038161315120907
2016-04-06,0.010418373905261642,0.026831688067412804,0.010637187936312232,0.013190069388541916,0.010211660833539611,0.001397783006557939,0.01086204047522816
2016-04-07,-0.022050936265526486,-0.017846970350456674,-0.007281471892681674,-0.0006157920516770163,-0.012046450559579947,-0.010388922955094108,-0.012037934703069656
2016-04-08,0.0011048116152355574,0.005345535630746494,-0.0015275670089241235,-0.026844249519309783,-0.0007345421912819218,0.006470537745897456,0.002692877730473466
2016-04-11,0.0033077468357234252,0.0022342902436338235,-0.00413497677315283,-0.014935078619828453,-0.0020233737543887426,0.006150578498991215,-0.002349601599015688
2016-04-12,0.012940837197206258,0.012075917560596302,0.009451125804292292,0.01475428898471931,0.0062411035263519096,-0.0011155077733243444,0.009269289209638824
2016-04-13,0.01438418710637738,0.01913041375415018,0.01154671474540551,-0.0009044387741697332,0.012727072357679255,0.0248015553930899,0.01005049889735768
2016-04-14,0.0005347766178810431,0.00959891995387111,0.001967004421317123,0.002981721865231173,0.00018102905277146057,0.002718307369610313,4.833699489150846e-05
2016-04-15,-0.020275344658624024,0.008246211345508382,0.0076709747810074285,-0.01088543260222275,0.005224775955817641,0.007840892382816508,-0.0011067557289801786
2016-04-18,-0.021810970679511453,0.015001377724516572,0.009976435883607105,0.007360585112823592,0.014450373877809014,-0.004318722751986235,0.007002367964142197
2016-04-19,-0.005317630710658366,-0.011795093048061929,-0.016678806530616916,0.016521907865513323,-0.0012408010848663934,-0.018013306794081144,0.0031488670609200148
2016-04-20,0.0020557847785706157,0.008073688155408782,-0.001672557001084565,0.0011569520805883736,-0.014288320837350718,0.003848174174773769,0.0009527089163547558
2016-04-21,-0.010886928525195636,-0.003148782496958384,0.008559410831831744,0.009032341997512674,0.0034118058793667786,-0.0010978534754718244,-0.005392977313339257
2016-04-22,-0.0027404126892819755,-0.016780246010194188,-0.05464476813533893,-0.02571585875928603,-0.07441123701782056,-0.0038525436246640036,0.0
2016-04-25,-0.005693423777684157,0.009144199486108597,0.006075215534758344,-0.004169236481753208,0.006352683768681594,0.004950397100135998,-0.0017242670269235455
2016-04-26,-0.006971478585560944,-0.01499528076288244,-0.02097475890711112,-0.012245411497636857,-0.012940350485505956,0.0008226665996538327,0.0014848658586119135
2016-04-27,-0.06462194493400127,-0.016854348372268575,-0.0032533766708193984,0.0011946215331970276,-0.009767743674474543,0.02249739830382368,0.0020561605558134686
2016-04-28,-0.031043043590603236,-0.007562704717826353,-0.021219878569758776,0.06952539390355397,-0.020627683389005703,-0.030202381186289796,-0.009117328425936325
2016-04-29,-0.011560878058344645,0.09136096633272921,0.0028758790480342055,0.0072553558413935215,-0.0006013396345357159,-0.01868179263289921,-0.005412981319033555
2016-05-02,-0.001067194452719179,0.036120202250886815,0.007475356107386148,0.008384661365174904,0.014729529847512355,0.013141522960528331,0.00791666442336743
2016-05-03,0.016312131975189884,-0.018492646756634798,-0.008413869575706466,-0.009661299106968542,-0.01653563472520714,-0.012016014021502498,-0.008741162789863166
2016-05-04,-0.010455758688972873,-0.0006259398253998102,0.004812536713094349,0.005350700691189463,0.0018061048776948604,-0.02303554224758822,-0.005593974184737655
2016-05-05,-0.00406732654701476,-0.017759996103670374,0.008202488511813646,-0.0021198636551867656,0.0014029959898758054,0.0060232358571732595,-0.00019479786951337197
2016-05-06,-0.00559264617708267,0.02229583049430125,0.013720243959471936,0.01415949553094193,0.008970407537065931,0.010241895142514874,0.003652150384611124
2016-05-09,0.0007546389755783277,0.008569186690485535,0.0024999398068671994,-0.002094403381577942,-0.006370855045700091,-0.0014161840588246349,0.0008260876863730053
2016-05-10,0.006766424871456562,0.033731387760508734,0.014316866163935396,0.010511507473474225,0.01879560381052529,0.019091024980916263,0.012357238356596386
2016-05-11,-0.009788403682057668,0.014347472831843011,-0.0109700010174001,-0.00816611385063276,0.0005878738522176183,0.0027769175649619377,-0.009398992250820573
2016-05-12,-0.0237366115772173,0.0065681394001179914,-0.002771960725928062,0.006338687664519661,0.008970441493476032,-0.013681347239153575,0.00029045042198667443
2016-05-13,0.0019903526744207926,-0.011219818993391717,-0.0034828154901751776,-0.003915221407988535,-0.008382828510088813,0.14158105569648158,-0.0087520779841184
2016-05-16,0.03644665462773731,0.0010419002709790468,0.007930932748256058,-0.009560506156677754,0.014576048786795335,0.029099112980349933,0.009816831087851004
2016-05-17,-0.004162915982272219,-0.021893876858918856,-0.014423235325035335,-0.011185736204761406,-0.018828000980133208,0.0021314071742539677,-0.009377616767792417
2016-05-18,0.01138007155231457,0.003130600442517069,0.0005662006636091682,0.002553254552039646,0.005921930518041379,0.02522264697919581,0.00029313817612893194
2016-05-19,-0.003814462118298437,0.0015329075805936736,-0.008969894168040957,-0.007165447881133449,-0.009690655533603149,0.004373177870361705,-0.0034711297067461138
2016-05-20,0.010769870805481288,0.006108565444622202,0.01336137283710606,0.004612193329093711,0.00594439382711522,0.01775118643145609,0.0062974225253116245
2016-05-23,0.012627364930445303,-0.008645628781849027,-0.00777932136029248,-0.011829355633432143,-0.011724209211503625,0.0015782192383985187,-0.0013631948854331327
2016-05-24,0.01512930543522939,0.010635670557085685,0.022256875613185328,0.01480745435075177,0.030705164923615334,0.023984285307871184,0.012878636853363634
2016-05-25,0.017416514596886156,0.0058759281815327965,0.0071678128502266295,0.0016130500514364412,0.010220855127700223,-0.004197305743098639,0.006760442534545737
2016-05-26,0.007898656372628347,0.009218314179923586,-0.001586892651223594,0.013313318069830573,-0.004422868423607165,0.010570264411205814,0.00028659266560743826
2016-05-27,-0.0005974374622495912,-0.003741703526223667,0.011724444644246006,-0.0007537320658969914,0.00825262992504942,0.005461351606375129,0.0042901670981810875
2016-05-31,-0.004895128443834541,0.014703794693496877,0.004168029145320963,-0.004786078384943422,0.012913449647824747,0.01770762017321872,-0.0019045446563247844
2016-06-01,-0.014118807017735376,-0.00464557924802742,-0.0021363028171534747,-0.00025249032437535694,-0.002834321164007489,0.0019245268071596496,0.0020471544558131943
2016-06-02,-0.0075440589417254365,0.012157494834424692,-0.00512083562453,0.0012620725996622503,-0.0070254361604762845,0.007025421999952371,0.0030387212205427523
2016-06-03,0.0020442884309835184,-0.003714412862365348,-0.011096598115155228,-0.0038753107870821615,-0.013235113732826978,-0.014100445479840448,-0.002991415612505009
2016-06-06,0.007224906953711761,0.001638754436637447,-0.008047926929877935,0.002697516342969209,0.006543476165109068,-0.005176741574304256,0.005075937596080305
2016-06-07,0.004047388744407668,-0.004122751952452871,0.00013956808951579307,-0.008708601266765273,-0.0005757237738038324,0.0019443806005223752,0.0015600386803159868
2016-06-08,-0.0009091233907960292,0.003998969897112789,0.016098049195926858,0.005335486339151231,-0.00115244287635708,-0.0032429481865421926,0.0032540787838927342
2016-06-09,0.007150267091993449,0.0013889656182546066,0.00041190431452628885,0.0014349885795974374,-0.008103340479696276,0.025653601936814523,-0.0013665788820007884
2016-06-10,-0.008262832673898808,-0.013475936868213923,-0.012665990729675,-0.016498421593290007,-0.0027157159837636977,-0.025220313406298968,-0.009522549921787552
2016-06-13,-0.015191152335870503,-0.003726038382165039,-0.0014605932856470566,-0.023161044037607655,-0.02637443537200452,0.01268971451876579,-0.007741511432092064
2016-06-14,0.0012318618585644978,0.005660341395014478,-0.00012543970080314206,0.008650545374898481,-0.006201502307158958,0.0019212359552574635,-0.00196898552237048
2016-06-15,-0.003288601177687325,-0.007031444367638922,0.0009044603142319422,-0.002962493584377458,-0.0028136655863383164,0.010187175338155736,-0.0013948697726155468
2016-06-16,0.004211866741225424,0.0045398004146631095,-0.011977981738581545,-0.0018340788063718424,0.013989057009894402,0.0040039101898230135,0.0029803101316549074
2016-06-17,-0.02302029561672843,-0.015619385122896904,-0.02659078323639111,-0.012048943295830835,-0.005173062551578191,-0.017609518699465015,-0.0037316380511047205
2016-06-20,-0.0024159309559744855,0.010729489480786948,0.002872862086276538,0.00309208646832748,-0.0011975869979186143,0.017819689152764936,0.0064194388642676995
2016-06-21,0.008481437229355729,0.0025317674181925638,0.0032095107969020735,0.008869336774540949,0.02212198585565767,-0.006116133674964314,0.0028345398322934933
2016-06-22,-0.0037605816279349716,-0.00731909970913789,0.0021815456096802976,-0.004117527259934332,-0.003914383137436999,-0.0008469308719996602,-0.0016324492529572819
2016-06-23,0.005739523002661319,0.016026289384540253,0.006303160136231749,0.010218907986794453,0.017881509865554118,0.026328551053480465,0.012938640264484488
2016-06-24,-0.0284980234258918,-0.03254236935774068,-0.03870955261430422,-0.02641466620202749,-0.04089385445783398,-0.058602983078546805,-0.036569697854157535
2016-06-27,-0.014668115171945868,-0.010932874119620612,-0.010361464524665855,-0.02814037077868973,-0.02849796982022618,-0.010772895201554365,-0.01807232087190574
2016-06-28,0.016700362846491717,0.02371274872966297,0.017474372022968105,0.03365687288801561,0.020640602733365616,0.014483082447600933,0.017875444164607932
2016-06-29,0.00861751321800724,0.010747873650852587,0.005967134594089436,0.012871619248653677,0.022005073500868753,0.016208073891088578,0.016884147009909225
2016-06-30,0.01263218757559479,2.793283283991869e-05,0.011611649282968046,0.0010505489449252642,0.012388472884247648,0.007687458667112357,0.013553411288172751
2016-07-01,0.0030283070683479792,0.013959906890177258,0.010220586390407533,-0.0007877746332536286,-0.00019566665051747408,-0.007473025704072144,0.0020982150933198727
2016-07-05,-0.009429862435916491,0.0033292106288024307,-0.006111097927568857,8.753131240112432e-05,0.00019566665051749132,0.014679458606175947,-0.0072193599429938565
2016-07-06,0.005668931224734673,0.012976883279012188,0.004049626211227738,0.021655232803261676,0.004095340556582632,0.0063158101452515355,0.00597990680007473
2016-07-07,0.004282523878480891,-0.0014110071229049223,-0.003459766325072147,-0.0073102005502361025,0.0,0.02569050346893034,-0.0006203031394262073
2016-07-08,0.0076834023298926885,0.012466649235593598,0.014661428838091241,0.011926731180259794,0.017747228387407367,0.039306985718503655,0.014780761326076062
2016-07-11,0.0030982598078803307,0.010629633120740091,0.013317240422826653,0.005359218436343952,0.005529725991262234,0.02274816445934662,0.0035206176680756917
2016-07-12,0.004526814977398955,-0.007416850567350355,0.00773134710032333,0.000508879125189581,0.011720457656212374,0.014883039963161183,0.007237291862708164
2016-07-13,-0.005661792553767205,-0.007485729713040711,-0.005091727839679153,-0.009799314964150504,0.0056224409426963145,-0.00037902519223327277,-0.00013952682574636455
2016-07-14,0.019626433332625537,-0.0019274146344338784,0.005521742942659432,0.004357677801235933,0.004289012874101131,0.010179583025926926,0.005567587858038964
2016-07-15,-0.00010115245298674418,-0.007801589339770667,-0.001526937787885849,-0.003672899551212528,-0.0007448832125683054,-0.011696661263621446,-0.0013424843632741479
2016-07-18,0.010573650413720713,0.0008563114551830428,0.01916626090530377,0.021251294975134824,0.004830064596329645,0.005110930240186311,0.002683825636006047
2016-07-19,0.00040079620919755834,0.005257399883838424,0.004324506893812855,0.010334190925372857,-0.016254202123171052,0.010329196191213193,-0.0010173421309362205
2016-07-20,0.0009007448728383681,0.0077675223360477675,0.005723425379909147,0.010802925934445706,0.051754522929702014,0.012994518054943262,0.004154426352188675
2016-07-21,-0.005316598539459306,-0.0017313402742775172,-0.0034598450062558804,-0.010802925934445576,-0.0019692282123374484,-0.01861585093392175,-0.003784281849877235
2016-07-22,-0.007773983291986827,0.0005774465487074925,0.005548885142275771,0.0032283352677965156,0.013704911824680534,0.026881163596904196,0.004475161283396224
2016-07-25,-0.013469679336738616,-0.007073281638809294,-0.004006848445629453,0.005193179019593859,0.002824294395568788,0.018305717859418997,-0.0027198070220143537
2016-07-26,-0.006906680751441615,-0.005450127867068349,-0.0018265116719181167,-0.003376553512829102,0.0005286730441369861,0.016918508456945692,0.00046165662250015414
2016-07-27,0.06294010278336284,0.0014671556638082637,0.004526590504777927,0.017337659874500953,-0.010093124358380359,-0.010116701056769288,-0.001061530046118896
2016-07-28,0.013411334090207167,0.0214071581925869,0.0055657279197754055,0.013368944870742439,0.0003561971261067472,0.002138171761145748,0.0011538194092369784
2016-07-29,-0.0012467907933459035,0.008204186814807538,0.030212854201184254,-0.008516143744995793,0.008326334370702076,0.016243106199265726,0.001613359332483049
2016-08-01,0.017502698424187578,0.011699787950620771,0.00530593827558385,0.0029808661386188933,-0.001765721753107358,-0.0065007147390516475,-0.0008295710192380658
2016-08-02,-0.014914946028272336,-0.00936987872916021,-0.002344757482893213,-0.009862690769023607,0.0,-0.012237110099418885,-0.00642768325526524
2016-08-03,0.01246024822443428,-0.007840509370718434,0.0027327976044524862,-0.004723012468771996,0.006869070166368667,0.002672520566166062,0.002918429314014014
2016-08-04,0.00615876397242383,0.00809035091420748,-0.002032595815958963,0.014987914026656165,0.007345449508894287,0.018339738203482465,0.0010633630096309786
2016-08-05,0.015092587232304526,0.006824930154292793,0.013656574777408882,0.006332376373957731,0.00988304633759654,0.016806889196629534,0.008145500605177101
2016-08-08,0.008246773120937153,0.0007568958830049434,-0.0005881120305314605,0.0008785436825035337,0.0017238646380794947,0.009235703317464008,-0.0005959913831383451
2016-08-09,0.0040518199140642695,0.0022803641761202646,0.0031927822919772053,-0.0015979936057030773,0.0024085320324125554,0.0025504120826316348,0.000595991383138322
2016-08-10,-0.0074718275420528136,0.0003253564118527587,0.0005356275685423258,-0.001440331677466599,-0.003097676985520193,-0.00647379863761772,-0.002477766825503322
2016-08-11,-0.0006486043132014366,0.0034809456613437103,0.00021651968960177082,0.00016013251414348474,0.004814144561298593,0.02013459294341528,0.004629808701098777
2016-08-12,0.0023137137443458443,0.0017100167029187637,-0.002079036029468508,-0.00016013251414343982,-0.006194156863365564,0.05443730436751597,-0.0008694669478472134
2016-08-15,0.011945221546377201,-0.005282095171927685,-0.0009962741860346618,-0.007878443634746614,0.0031020956801553483,-0.0009523377155961647,0.002879772894833671
2016-08-16,-0.0009139780030099654,-0.005807402795085379,-0.006796924524328774,-0.004854371535155485,-0.005555646285496091,-0.006051720250008604,-0.0051709436202312005
2016-08-17,-0.0014639067554026014,0.0007718881392052844,0.003557997171495894,0.008640593800508767,0.002086893511762143,-0.02343568842167026,0.0018788527004331467
2016-08-18,-0.0012822882960135938,-0.00022233212519353119,-0.003094721265020093,-0.003705426649520791,0.0006947138022395783,0.015416479333294137,0.0022416610674656262
2016-08-19,0.0025633903481005475,-0.009396973130926274,-0.002678857899155834,-0.0028286957259547486,0.0003470281020341697,0.0025728944579946856,-0.001463206616370324
2016-08-22,-0.007802703669532984,0.0028612449459098515,-0.0042261621654567936,0.004763672053428192,0.0008674131693999527,0.004167604518593829,-4.5932481617760376e-05
2016-08-23,0.0031286354072016078,0.003903005725525535,-9.06334237287208e-05,0.0017704503220473129,0.0038075574066360513,0.0080595634130058,0.002011490461853718
2016-08-24,-0.007562064022354496,-0.006843538827050335,-0.003165179419999425,-0.007181818847901637,0.0010361007406999554,-0.01553889699693807,-0.00512778941791464
2016-08-25,-0.004267058813902572,0.0025981221230235232,-0.00029886909117507823,0.0033148563581086956,0.0037889745564150083,-0.006641416933840037,-0.0006889442428782806
2016-08-26,-0.005873773765795433,0.012799437467918376,0.00016901076383234902,0.008599682897981308,-0.0024095173429041924,0.008093298998586615,-0.0018852943195290736
2016-08-29,-0.0011229252809011234,0.00297341989587572,0.0033856711710707793,0.012564666326490028,0.0012054477240620186,-0.0006453247968432076,0.004912698188947784
2016-08-30,-0.007706016158457138,-0.004821658543237256,-0.003970791751557291,-0.005547095814334482,-0.0036210056782728897,-0.005823829832459507,-0.0016503156847772812
2016-08-31,0.0009430295326423564,0.002056264342905858,-0.0026558142829790697,0.0022225807796908293,-0.007455685573262273,-0.0047166884573147235,-0.002848015548391624
2016-09-01,0.005920528854816188,0.0018963246763828443,0.0022527206966239405,0.00039631801204526913,0.0022599057110102385,0.029080536810495296,4.617546407464897e-05
2016-09-02,0.00932542394388868,0.002359038801240371,0.0034800261483469907,0.0026911324987091735,0.0013882224556159154,-0.009866370695834521,0.00449747312913717
2016-09-06,-0.0002786515443460451,0.021047176376332754,0.011111641318115026,0.025134007926518483,-0.0010409121668542225,0.009391097375941416,0.0030180486679699976
2016-09-07,0.0061095548136179635,-0.005580501891665515,0.0003461676635996485,0.010123501280766155,0.0008676375100188928,-0.014843446825180443,-9.109370819301626e-05
2016-09-08,-0.026558454127034076,-0.0005355275465747367,-0.00646687607370832,-0.005969690279556322,-0.003997261799354446,0.007209816967870699,-0.002285735143211471
2016-09-09,-0.02291012407049056,-0.030982899420211922,-0.020404716552071045,-0.02463502981536497,-0.021471734873239678,-0.051091573472599884,-0.024225784866754137
2016-09-12,0.02215178123925529,0.014821110815878372,0.012245956928252403,0.01243227005656542,0.014833396689799362,0.020454688277177127,0.014245384267884678
2016-09-13,0.023525737607632602,-0.013677265744095248,-0.01220662242158612,-0.011567078730076915,-0.009156751177921748,-0.014591478240029088,-0.014480149715954512
2016-09-14,0.03477526671685964,0.00010516043517248254,0.0036790677225905215,0.004392457948297271,-0.004787483556387477,0.008813526061273603,-0.0003750892610155305
2016-09-15,0.03343306451736006,0.011236227831538258,0.012084135660472697,0.004529136252912873,0.01639524076177626,0.03721269445017681,0.009943349211181101
2016-09-16,-0.005639955053594115,0.011406788285257588,-0.003738693777323149,0.005594048905457867,0.001048477974991048,0.002389990292137919,-0.0038732383248647776
2016-09-19,-0.011728824490672692,-0.004402566814648825,-0.004144402154614249,-0.00325948044544048,-0.005605202517455618,0.013121889542032451,0.00018762828828571628
2016-09-20,-8.816458497255247e-05,0.006583891027160265,0.007429518019816459,-7.775903243060072e-05,-0.0021103119300693216,-0.009151375858111916,4.679803884774765e-05
2016-09-21,-0.00017613294709627547,0.012127793126189479,0.0062160624835332565,0.010055124410346086,0.01658435524560689,0.027668720001616503,0.011182833876994178
2016-09-22,0.009379198019387417,0.018765787320231292,0.014059055880701492,0.0010767247604874808,0.001037989257939887,0.002464088904695204,0.006281537853121039
2016-09-23,-0.016804346171611438,0.0013039304990443952,-0.0003938132814770174,-0.01643190044803503,-0.006767975875039448,-0.0010774504646102214,-0.0054946549718088555
2016-09-26,0.0015071001089849055,-0.008212302206602198,-0.016258230839314044,-0.005092600774484497,-0.009271179877751582,-0.00943602793162145,-0.008134760630070924
2016-09-27,0.001858845139096329,0.02098796993412601,0.011302470493511584,0.010781327152965852,0.01828537448127732,0.03362175713577689,0.006188654586031648
2016-09-28,0.007575689273596356,0.01533321108700042,-0.0018536170640490721,0.0041873689058536875,0.0013794572135108832,0.003600401758350018,0.004951205301094903
2016-09-29,-0.01565496889925031,0.0003980905879389607,-0.008415925899684946,-0.008860631987933474,-0.010916036230587338,0.009241204189583503,-0.009088388596084462
2016-09-30,0.007725634189436362,0.00991395359780236,0.00293745001033072,0.0014043213325060546,0.003478479598306202,0.016480641262378574,0.00751791371756889
2016-10-03,-0.0046995675128195915,-0.000680973764983831,-0.00610386784725105,0.0038905436043243182,-0.0031300198554808875,-0.0010220323192551032,-0.002407367825727183
2016-10-04,0.004256820006647363,-0.003244060584881268,0.004996805326655754,-0.004514449609247199,-0.0031396987695038563,-0.0021938971408274003,-0.00511054589184179
2016-10-05,0.00044274750617219276,0.012309537046675428,5.1543773115515994e-05,0.0021819402762968377,0.00696365444232588,-0.0010253260821031797,0.0044155358285875804
2016-10-06,0.007402605641671596,-0.0032027719489173745,0.0005022395657697116,0.002099431569837313,0.0017336950321223666,-0.013129747459123311,0.0006950100632543079
2016-10-07,0.0014914968975145127,-0.0026530370416345253,-0.0022938800551018756,0.0019400620558903863,0.00103842226691203,-0.007303265162780532,-0.0034349250370780625
2016-10-10,0.017296676845742317,0.0027124090570468744,0.013914231088283728,0.009644015500822136,0.004143893713761974,0.0037327136287045653,0.005194668657088275
2016-10-11,0.0021519261884785867,-0.012805732090881757,-0.003658461078796951,-0.010497321990100322,-0.014753374170866286,-0.014561703995642689,-0.012709921082235938
2016-10-12,0.008902457313094055,0.003711492733645314,0.003912840190161309,0.0013182667483098852,-0.0013999564264262428,0.004526564029402377,0.001311215189711649
2016-10-13,-0.00307248165544113,-0.0057833978576955014,-0.010164182833590406,-0.009576966139418974,-0.003332519829321407,-0.016391420384860578,-0.0032811013091419068
2016-10-14,0.0055408404995826175,-0.0076503034711685606,0.000436800217430217,0.0004693353183331695,0.008745883740995754,0.009745534973198867,0.000516453750560741
2016-10-17,-0.0006801037349635125,-0.012237983380288042,0.001835218231677186,-0.0026622635123717984,-0.003489180016028774,-0.005775019161777228,-0.0034782866293352503
2016-10-18,-0.0006809910287503007,0.005764780195714339,0.019426453441770408,0.008043488561410577,0.007660366486108684,0.015126560113692825,0.006242934187916367
2016-10-19,-0.0029837185159567823,4.8892619500871804e-05,0.007815767494856388,0.011906592569084587,-0.002257232676135954,-0.002103887342032971,0.002663316505133968
2016-10-20,-0.0005126817519033313,-0.009054054577124018,-0.005667929886224911,-0.0008457221787236146,-0.004878883304200909,0.01877837129285372,-0.0018682543808595511
2016-10-21,-0.00393710746923625,0.01064269634871374,0.003006835079569564,0.01579782793290291,0.04123405810871006,-0.002809198682671626,0.00046726700515305067
2016-10-24,0.008964838712794554,0.023053571602289605,0.01704249633716658,0.009119988934089565,0.022212138007931127,0.04586702252068219,0.0042437299774752205
2016-10-25,0.005086699946004197,-0.003478227265262898,-0.006712791548941912,-0.007455853140468629,-0.00016395450763701303,0.01627194192756889,-0.0033562348632832657
2016-10-26,-0.022751477802440502,-0.015189311648635701,-0.010705029062467657,-0.00949374256101512,-0.005920055710535294,0.004027284098626844,-0.0020095510597098226
2016-10-27,-0.009649136175697908,-0.0051556121052989895,-0.004666245160467322,-0.010355647463525056,-0.008779910135830786,-0.020723468729003235,-0.002670385336728744
2016-10-28,-0.006660963052629863,-0.05273746462714735,2.5110857192289384e-05,0.012261690276346248,-0.0038345230207113474,-0.0016991851310199017,-0.0029599387934012584
2016-10-31,-0.0015839276555124461,0.01724024493034881,-0.013709839772085244,-0.002287687723392797,0.0008348281818448127,0.008467335940584004,4.7239103141101955e-05
2016-11-01,-0.018220289696142266,-0.005599220899880221,-0.0011862243027423438,-0.011440120508927518,-0.0020046884789482614,-0.030099929490534267,-0.007271667251706027
2016-11-02,0.000896315656073326,-0.025598290110372974,-0.01921056584247856,-0.018156079409689996,-0.006206262558103927,-0.004208844097257799,-0.006036899217891015
2016-11-03,-0.010776433559304023,0.0019183632456770188,-0.008583630839630414,-0.05803305450504743,-0.003708780852342782,-0.011702630260665819,-0.004587821776133067
2016-11-04,-0.009054929527285044,-0.01574201638086665,-0.00014424269811468343,0.006230572780268646,-0.008480358020246978,-0.005755277969239285,-0.0011019582643781631
2016-11-07,0.014321954539386412,0.038810557775781754,0.02654654585248079,0.011527530655889011,0.028710051108171205,0.053311379389742355,0.021817255225056308
2016-11-08,0.005869987859031849,0.0035863063860561476,0.010158852313710949,0.016804408411553284,0.0008271613338141941,-0.0015446975720451114,0.004493972327700526
2016-11-09,-0.001622401516294383,-0.020351656616763452,-0.006599841653207837,-0.008407478580057356,-0.004973545433464384,-0.017007188226159778,0.010545991934384947
2016-11-10,-0.028263351989614178,-0.038967915913410055,-0.029397243448914038,-0.019510457527047987,-0.024734017137238083,-0.031803964533889395,0.0024922171440017026
2016-11-11,0.0059197564949046615,-0.004549761606454742,-0.011262332287456791,-0.014844855257544465,0.005436500923319802,0.2608761466589094,-0.002307362037245131
2016-11-14,-0.025405349898047817,-0.027352787702499593,-0.024080088807115648,-0.03366387778633544,-0.015366425973886369,-0.05047389319637097,0.0007851103770702555
2016-11-15,0.01315692219511121,0.03306029552684798,0.029990814009936317,0.018254303445924002,0.01955461005695126,0.030032389981829045,0.007772685802182703
2016-11-16,0.02653297845640855,0.004363275146409244,0.007866199051720445,-0.007364879822271181,0.013162507629945542,0.06120430916492925,-0.001880151032362097
2016-11-17,-0.0003636366820247025,0.013188079873534401,0.008790951873859412,0.012386345325039563,0.016460578819587984,0.008260334592538042,0.005127365593371879
2016-11-18,0.0010000772291547588,0.004958593467895289,-0.01395786984123087,-0.006558466993145295,-0.004793581481127056,0.010444197381254005,-0.0022398972408785404
2016-11-21,0.01505937507146217,0.02576499750060365,0.011322218021108494,0.039789155740295595,0.008415004753719974,-0.004079196760976224,0.007523151051697404
2016-11-22,0.0006264582380953872,0.006810055400562269,-0.0012097951603957386,-0.0024666341214224074,0.004263156199486721,0.007180536432096245,0.0019514173456319844
2016-11-23,-0.005111579630511405,-0.006656207779334262,-0.00952102929075658,-0.005200100400681648,-0.011850269852176598,0.004907342494126508,0.0005435878461029175
2016-11-25,0.005021951147170108,0.00032043172998065663,0.0009063533280375914,-0.0038139409592346865,0.00215008378641427,0.0020196909427375883,0.003708531352379156
2016-11-28,-0.0019699344764847167,-0.017581286787268918,0.008575480787639889,0.0002492622659083824,0.0013208505127494323,-0.0005312592614553388,-0.0047059629307724055
2016-11-29,-0.0009864614792615093,-0.00555818900972278,0.0033788350015947584,0.003812992216066939,0.007888258190079867,-0.009180224427069577,0.0019486600212214732
2016-11-30,-0.008469102841075738,-0.015795815932649296,-0.01674468720925822,-0.020477941757664726,-0.01367950862730232,-0.011324021359874132,-0.002402148346536719
2016-12-01,-0.009363382866606335,-0.00926244199288748,-0.013440203620978045,-0.028436393681876396,-0.017747237443582427,-0.05072249512114824,-0.0036823438609534164
2016-12-02,0.0037378113063501112,-0.004460971341376137,0.0034435554884205,0.002603101240694087,0.0008442526047174431,0.009200418522756985,0.0005007058559983828
2016-12-05,-0.007214560793640882,0.02536643989167638,0.015889114642464133,0.017437964901014482,0.016238906731467852,0.038045505691164064,0.005990996032420594
2016-12-06,0.007669349095347736,0.0070338214891637295,-0.0044819655543753955,-0.001022288773198163,-0.0044936756949148626,0.016301130133230316,0.0031622651630414033
2016-12-07,0.009774679260657346,0.007426062958447493,0.0157879002150874,0.005440711994508506,0.0234101734405483,0.017828921158152964,0.012995955324605962
2016-12-08,0.009769579176754379,-0.00401883948276949,0.0067588614669212,0.00810619070264662,-0.00588344586878087,-0.016865884140765956,0.0024460252082293093
2016-12-09,0.01618988474340335,0.0017317253309034146,0.016440282974137285,0.006454623829619337,0.015612686879407998,-0.017917411451794058,0.006022097591819386
2016-12-12,-0.005720614168473247,-0.011172374954761082,-2.5304291404768517e-05,-0.01608803540091946,0.003222362520067017,-0.024586742336397054,-0.001148548486146987
2016-12-13,0.01654381182614666,0.018534699983371306,0.008616172497646537,0.021338213821887844,0.012944340883573106,0.017482653597687223,0.006651892048426344
2016-12-14,0.0,-0.007154108080486952,0.001217932512201631,-0.0008314879957477695,-0.0047748131306000145,0.05629887823519972,-0.008288483109890925
2016-12-15,0.005454074472904859,-0.010223583295772014,0.0009779967894833505,0.0029901903367452395,-0.0015965715426648284,0.02316140640535435,0.0041086787348219205
2016-12-16,0.0012945117676588362,-0.00425342265351657,-0.008875450423364267,-0.005822560186942961,-0.004484362296594273,0.01707539238198348,-0.0019576584538686503
2016-12-19,0.0057605331883698605,0.010802234663303009,0.004290073659343403,-0.005269629143232659,0.020966444595688933,0.012077061632952978,0.0021748444435843476
2016-12-20,0.0026542288365258345,0.006791548117604901,0.002791345941206703,-0.001258789449629965,-0.0012579194507507403,0.03423940981582972,0.0038503856888240672
2016-12-21,0.0009399636824476945,-0.0008042974279366171,-0.002338115964010504,-0.000419884409421991,0.0,0.006255903042362943,-0.0027864898117886754
2016-12-22,-0.006599228973917607,-0.005543429974597146,-0.004161815622667212,-0.01387271322487793,0.000156985176279534,0.012022316486732016,-0.0017290064345769096
2016-12-23,0.0019759092733723058,-0.007531547519569064,-0.0017077470222094887,-0.0011079133901182386,-0.004889748608087385,0.024622126800288795,0.0014631580241332772
2016-12-27,0.00633055856916202,0.014112614845866555,0.002074256415543093,0.006290458602171466,0.0006323084952751829,0.066426730930791,0.002478171091373474
2016-12-28,-0.00427307899491567,0.0009458585685835312,-0.008245760995971806,-0.009279493517975388,-0.004593337532074743,-0.07126647579785406,-0.008299053284055545
2016-12-29,-0.00025691814925992985,-0.00908101137029574,-0.0028828573364329253,-0.004887023793535667,-0.0014299653861225888,0.019757655941008038,-0.00022274451883301584
2016-12-30,-0.00782647919944347,-0.020172033398638423,-0.014113325669005455,-0.011236012549400102,-0.012156074556642305,-0.04300034793439824,-0.0036619466449951976
2017-01-03,0.002845332762936852,0.005054711838838558,0.01838369164329197,0.01560976020949088,0.007055669563028384,-0.04532520857933431,0.007621022449399333
2017-01-04,-0.0011199742279054685,0.00464647301631583,0.0009664023363696938,0.015538476765141642,-0.004484362296594273,0.023063128897289526,0.00593171581494981
2017-01-05,0.005072433002101005,0.030269616426223996,0.009007282602085383,0.01654439409117287,0.0,-0.025713553754468987,-0.000794826685606554
2017-01-06,0.011086431019071486,0.019715957739975132,0.015161111965724394,0.022452550704339883,0.008630454469380223,0.013278583988376273,0.0035716008908626817
2017-01-09,0.009118217466220024,0.001167703507288725,0.000620224825892938,0.012001290329576609,-0.003187546104157739,0.03974317721480316,-0.003306872994241557
2017-01-10,0.0010077058643536661,-0.0012808103905381707,-0.002308620058838435,-0.0044131688425245634,-0.00031943580623937937,-0.007578954508685985,0.0
2017-01-11,0.0053589358955854,0.003912478289611972,0.00386943384279201,0.013895771765672218,0.00906139111496079,-0.012380264214790517,0.002822430084818669
2017-01-12,-0.004183902447024478,0.018132006141166754,-0.0019203658649927426,0.00419452932500123,-0.009221181090169723,-0.016491212926809058,-0.0025130876019365234
2017-01-13,-0.0017628947173211479,0.004292412484765232,0.0018830938317257971,0.013492589479534295,0.0014364489108771015,-9.686704378757847e-05,0.002292604624143976
2017-01-17,0.008032340044320041,-0.009121890314228257,-0.004055727335010386,-0.003668945908712683,-0.0027149441932634412,-0.022685636813268947,-0.003529539393189902
2017-01-18,-8.336581849186227e-05,-0.0027702098070148586,0.0018128568010620536,0.00039089516479007757,-0.00047979820014113547,0.01803397649531505,0.0022077896988585994
2017-01-19,-0.0017515302952204616,0.0019300507014308483,-0.00484374583515845,-0.002896561763698933,-0.003205389101246827,0.021239740288550565,-0.003711558381068556
2017-01-20,0.0018348961137123893,-0.0008779580464918789,0.003540282155762798,-0.004006447292564768,0.007038153848156061,-0.010996413361570563,0.003667227110526992
2017-01-23,0.0006664699253439323,0.011745257952587861,0.017595415155995657,0.014767656169901581,0.003500016418127514,0.010330626098819665,-0.0026053532319168715
2017-01-24,-0.0009165882332960073,0.005559920523586129,0.00555007868238586,0.003406715516927568,0.008855444383879987,0.021091151679403473,0.006390834509896852
2017-01-25,0.015795137249798467,0.01697486266869307,0.01422116526567108,0.01617817883685827,0.0025157140502850292,0.0042768129823360325,0.008618504582140852
2017-01-26,0.000492405547989068,0.0031390512706332713,-0.004221107443994439,0.009839112587026088,0.009222297093390956,0.017108629324196017,-0.001046123218941402
2017-01-27,8.189713913740745e-05,-0.004035988422900606,-0.010679807899801597,-0.004529218628171154,0.023222836288084643,0.01914925461263208,-0.0015707407765313932
2017-01-30,-0.002627575425008308,-0.0064700456424170135,-0.025825247938267567,-0.009119744388656613,-0.00993060929853656,-0.015780887859665447,-0.006221021395449181
2017-01-31,-0.0023045672880891636,-0.008344194046237697,-0.006916454251021884,-0.0050515854328423765,-0.007397006858201938,-0.007664156041487171,-8.78893768336659e-05
2017-02-01,0.05919358239535611,0.010713775220083516,-0.0013752253549878613,0.022083618990681852,-0.016689263110435434,0.042761683654478036,0.0003953641749322781
2017-02-02,-0.0017099591638271743,0.009089366182682778,0.003556556904830214,-0.018101472969436767,-0.006469508182086092,0.012557957398206384,0.0006585674101299351
2017-02-03,0.004269716169159466,-0.036061309620379046,0.003700090681563196,0.0010694394115972649,0.008041254067784208,-0.008791528577893512,0.006869320709507757
2017-02-06,0.009330112098813056,-0.003164675408744075,-0.0001872919090769426,0.008211526733735429,-0.0006283354347727573,0.02529380503595483,-0.0017894983041732008
2017-02-07,0.009472684136941972,0.005999500277441461,0.007001263675271557,-0.00166726926108778,-0.003305404082799524,0.015395373843875508,4.429100634990645e-05
2017-02-08,0.0038700991192255523,0.008834713156431634,0.0017456056391778254,0.01774226434268777,-0.001420039119260852,-0.004374487778604155,0.0013091142705080295
2017-02-09,0.007199924421136446,0.0020108949509514123,0.001458799575615523,-0.0004471131545189994,0.011303389478011336,-0.018980172457419904,0.005915242241474294
2017-02-10,-0.0022682322148193518,0.007399271957367783,0.0050638511459768455,0.0003725700653206672,-0.0009372222139485401,-0.02400135011782209,0.003938516728639833
2017-02-13,0.008816338711711362,0.010901587773773527,0.006822306957545033,-0.0010437293058188596,0.011187406091936468,-0.04721566612023254,0.005427854271955181
2017-02-14,0.012895566357475631,-0.00016737129107008493,0.0014758030196191365,-0.0014931306293097491,0.0037234940196141614,0.003683597446419937,0.003987372078938505
2017-02-15,0.0036225645167671326,0.007515972191507316,-0.0017931541382819297,-0.00306792831093034,-0.0006195225390934388,0.002020405118443639,0.005206734354775478
2017-02-16,-0.0011812298537664094,0.0017073920274126317,0.006304851085393299,0.0029931902980072957,-0.00015503842643452065,-0.016185099593590248,-0.0008519454303355184
2017-02-17,0.0027299572040845356,0.0011011339720115034,0.0047330225897974304,-0.0023188490037045137,0.0015486526529601278,-0.0001865893702823144,0.001575199909463044
2017-02-21,0.007195125627334941,0.013364721046281957,0.00432610150505856,0.001421901095049793,-0.0020136512764516515,0.03518476981817751,0.005937833927512672
2017-02-22,0.002994433840541537,-0.0009696000983505087,-0.0010828234292262545,0.017788761242764038,-0.002017518158372897,-0.0015337588193577805,-0.0008884565435334991
2017-02-23,-0.004238927581028315,-0.004005102457664227,0.0006859458600985896,-0.005598998273793981,0.004031169434824593,-0.09730744967167851,0.000677174898109652
2017-02-24,0.0009515558775945934,-0.008188892182268277,-0.003241143218988633,0.00059081090229264,0.0,0.009606445504633082,0.0012676146331111581
2017-02-27,0.0019737436011703856,0.004014414167614488,0.0007720895403192101,0.0071364229323133,-0.006053486663182782,0.028660533465776405,0.0015616954913396845
2017-02-28,0.0004382680955809269,-0.004251111904897895,-0.00734643384190218,-0.006398456426189434,-0.003899784812824468,-0.02846367770705265,-0.0027029668068297387
2017-03-01,0.02023345340064829,0.009469376476098914,0.014507784183440687,0.013775305297536004,0.014893293207628798,0.012826557177813757,0.013900668830220815
2017-03-02,-0.005955509812968873,-0.0049001540247000505,-0.0055346127007841325,-0.0048145034351453845,-0.014424588845133195,-0.03756861827208036,-0.006317418881012879
2017-03-03,0.00588378430750749,0.001141990874290171,-0.0018679747547532806,0.0029934506014460778,0.0037424674632522115,-0.005773741816365461,0.0006292879665257021
2017-03-06,-0.003152755531265643,-0.0038549741001917565,-0.00156918295846222,0.0018210528336992675,0.0003112246255778002,-0.0077510423169334175,-0.002982356625878858
2017-03-07,0.0012912763548926262,-0.0006972077716298652,0.0049769532883477165,-0.0008737943091621036,0.0020206025085082375,0.010895328141835737,-0.002991351838056452
2017-03-08,-0.0037343335571862622,0.00528147875098045,0.0041503243127470075,0.0030544442077336635,0.009119718075920335,-0.0018248965378462577,-0.0018581866527508652
2017-03-09,-0.0023046733412625665,0.0029351355505987326,0.00395458262232876,0.003768690761544283,-0.004008498167740411,-0.00020249232408435516,0.0012674918876185767
2017-03-10,0.003311152204226813,-0.0006332702571133847,0.00543417544648126,0.00397056874971738,0.0030850148424133883,0.005868374510985357,0.003497766000186447
2017-03-13,0.0004313085086687668,0.0024955044641490533,0.0027119590142438677,0.005819243635554941,-0.0033942224553623044,0.027170041911531297,0.0005049859336575074
2017-03-14,-0.0015096836538741963,-0.002413437651246342,9.465966858385374e-05,-0.002007529125945032,-0.00464648905965821,-0.0006873251926367368,-0.003833978185261468
2017-03-15,0.010520585997147442,0.0005159627137938516,0.0018668333754120357,0.0028669332349125134,0.005264678764923361,0.0075367927449386495,0.008616462243663072
2017-03-16,0.0016360832896444523,0.0005274972239583946,0.001863083296352941,0.001930442489902509,-0.0017002262209222243,0.012211893669556927,-0.001969081038572597
2017-03-17,-0.004987684858465409,-0.0013014964034150063,0.003927292778662101,-0.0010722151808646864,0.003551922035885196,0.021536786951335513,-0.001757762830591228
2017-03-20,0.010445941311091124,0.005452552411117806,-0.004375014488269266,0.0007149743891559796,0.0009243369351342989,0.031368322798072626,-0.0010973923817051553
2017-03-21,-0.011518000404193979,-0.01619872160184447,-0.021372461615329304,-0.010271217532139732,-0.011150867385774336,-0.03287774203863069,-0.012922761822468829
2017-03-22,0.011234920963601708,0.005747210959233595,-0.001048276185281435,0.007767062118182055,0.012689877828675748,0.020189326087220082,0.0023503977086649854
2017-03-23,-0.003541766119250978,-0.0008021610628207483,-0.014582701603042427,-0.00042995497238622533,-0.002463347378035571,-0.009109749191122148,-0.0010675894466222195
2017-03-24,-0.0019888586304637086,-0.002090999023365736,-0.0038603638729665284,0.005788251054924091,0.0016941382256987429,0.0035422072420108136,-0.0007266004235536304
2017-03-27,0.0017053953901605664,0.0014299228988936064,0.006218117168854573,-0.00014245905897798227,0.001845018436551604,0.007231983339082395,-0.0010269660115555142
2017-03-28,0.02051495639414631,0.010782210376272581,0.0017191049605902442,0.010210074483108,0.002914361984888453,-0.005187037144102015,0.007250513443274421
2017-03-29,0.002222820733198106,0.021176073977231178,0.0126974831882283,0.006258504629479105,0.002753039999597027,-0.0032550627647106945,0.000934200684291576
2017-03-30,-0.0013192359947578488,0.0023077418398893506,0.00010818574866106421,-0.0016837679293759875,0.0036589055912061314,0.019009535984421174,0.0031791744265078532
2017-03-31,-0.0018781188707682342,0.011572064053437572,-0.0023359383699845097,-0.002531195637722373,0.002280267759687627,-0.004305514841751315,-0.002330084206982609
2017-04-03,0.0002786661808040945,0.005590427057615806,0.010778968100897544,0.0016180504229946653,-0.004717836114631103,-0.005061882278709809,-0.0017408353346602254
2017-04-04,0.007418706422432093,0.0170383214046624,-0.004757762430748705,-0.0038733092183704846,0.002741879045574253,-0.07270369813747884,0.0006373603760155024
2017-04-05,-0.00519445439347577,0.002698106338604271,-0.0037934530488254654,0.0008463857983520041,-0.0025894049509548,-0.007469671367562411,-0.0029771096807864952
2017-04-06,-0.00250291820976062,-0.012171236662741317,-0.004254936103381461,-0.004805396068157379,0.0025894049509547095,0.0072710643599968395,0.0028070875410865946
2017-04-07,-0.002229947196895229,-0.003792236846299923,-0.003884896517563644,-0.002766385957309115,-0.000760630179049171,-0.004276535520094615,-0.0010197732407109194
2017-04-10,-0.0011863509336366906,0.013496957340826888,7.293192246050232e-05,0.0018451073645752553,-0.002286587803941028,-0.025846812869651604,0.0005951118159562559
2017-04-11,-0.010814667076627212,-0.005173022622662573,-0.0016749562315000032,-0.007972615764231566,-0.0007630808979748789,0.0035732070870690123,-0.0011906524377179
2017-04-12,0.0011994750235833813,-0.006816465475626657,0.0011776468901884068,-0.002432953792443485,-0.003825388745776695,-0.008289568328043633,-0.004391426951164674
2017-04-13,-0.0053030754052254365,-0.012982362180291775,-0.0009225122577112319,-0.0013622747747209125,-0.004301914184419372,-0.018880156442906658,-0.006516120115493071
2017-04-17,0.005514707448360253,0.019388679242407184,0.01639070066556101,0.014458622459937424,0.008127302930196085,0.038418818006632396,0.00882091687405588
2017-04-18,-0.004451840172226119,0.0019825439257081605,-0.0004182232127483047,-0.003258124211150375,-0.0013755551224059143,0.0006044954147554589,-0.0029888262016402466
2017-04-19,-0.003689353152020209,-0.005080490932540684,0.0016597476125937002,0.009250418811081068,-0.005367009671504636,0.003920144270363033,-0.0018402855684755825
2017-04-20,0.012433113014211045,0.0031755921300895573,0.004095648022276551,0.010696786266229535,0.0070478156505591905,0.0157267330042688,0.008106394400435467
2017-04-21,-0.001194313489562017,-0.003920991580964202,0.0018280767251413195,-0.0008347968913659652,0.013646688468087713,0.004139026263967734,-0.003192176415511919
2017-04-24,0.009583118953778261,0.00983429874612701,0.022944278997648872,0.012381235211005917,0.0168752342157951,0.012412571060119013,0.010937814077678822
2017-04-25,0.006177086453699572,0.0002314421627079044,0.010996776630048988,0.00698739272717838,0.005758271005702444,0.01723776412166217,0.005801740740339635
2017-04-26,-0.005898266920842961,0.0018382843639346154,-0.0006537179769731724,0.0004777875730945715,-0.0013259204477095816,-0.0068975979694243916,-0.0006289353144277757
2017-04-27,0.0007653512742458895,0.009947135813499207,0.0028865762662954437,0.0077483496358802025,0.006465506589453428,0.015453636025523335,0.0008386147685568082
2017-04-28,-0.0009743726801052154,0.00717171217012917,0.03562883389863023,0.01711707632867749,0.0027797809915612475,-0.012765580513318496,-0.002181671848536088
2017-05-01,0.020191615586070612,0.024814135682882283,0.007269746833709522,0.01460186429116804,0.013781377282882437,0.022187393366474923,0.002516964922786836
2017-05-02,0.006324473034735761,-0.001361332480141284,0.00423162747279264,0.0020966014219800603,-0.0015861082856993176,-0.030080470687445477,0.000377097858650027
2017-05-03,-0.0030553573520159024,-0.006260749456835918,0.011500199394477132,-0.0064350270849799305,-0.003179844697805775,0.007413805715611189,-0.0012156514828094585
2017-05-04,-0.0036103903773347175,-0.0037262465726880887,0.004971252678314259,-0.00627774636047548,-0.00391615422228407,-0.003844512809831896,0.001173587748037611
2017-05-05,0.016447959519107515,-0.0036117050485217394,-0.004874226417140259,-0.004052068024758249,0.0027573853829368517,9.635368344536052e-05,0.00392919652239675
2017-05-08,0.02682527722215752,0.01581390557197806,0.007703803478929642,0.005443061855104253,-0.0008698518698783344,-0.01055043121021544,-0.00016659058679074015
2017-05-09,0.006384457336072384,0.00397504396457471,-0.0022823364566790807,-0.0038468742436327747,0.0014495564659527224,0.0016524348215958288,-0.0009186445858779862
2017-05-10,-0.004752156540059627,-0.0040699094353591,-0.0036433536828346593,-0.0012634341006925959,0.0039029507852100724,0.16403828749253038,0.0017942122410252064
2017-05-11,0.008611261388485019,-0.0014024858443927135,0.0019576452530880523,-0.0016649781655147114,-0.01233931084131457,0.042057949489407886,-0.0020449646548807957
2017-05-12,0.013868899048210367,0.014384979876204108,0.0017393530480072496,0.0019310808634340857,-0.0011693920454688281,0.010928132600392267,-0.0016721688940078629
2017-05-15,-0.0025658807651540772,-0.0035221371813001783,0.005199734465997093,-0.0009316183273023394,0.0007310379486525993,0.048980221246179054,0.005508205170734867
2017-05-16,-0.0014779621190721991,0.00841988707322527,0.006297688149038149,-0.002733694652160664,0.019935291951823468,0.018442481621798786,-0.0009159055128351351
2017-05-17,-0.0341524760940541,-0.02230541371236398,-0.02510578375494124,-0.03346886348477457,-0.028200005107741764,-0.06875262600487234,-0.01790350289268606
2017-05-18,0.015126459601900196,0.014428214255485494,0.01148212904918822,0.019213674154060646,0.0034030355676198196,0.04103507972853551,0.004020652309700859
2017-05-19,0.0034031689711094522,0.001407496712127195,0.0040445859723957514,0.0027052248286265684,-0.0002957658151931003,0.022831987919203683,0.0064829590342908635
2017-05-22,0.0060577233342937135,0.011219952555303286,0.008369401075691556,0.0012149728550317738,0.011165528211772874,0.021099326240798928,0.005064630220827515
2017-05-23,-0.0012346661122644396,0.0008958659605052509,0.007362458269593829,-0.0011475162133842097,0.0033542205720533463,-0.013554375515906297,0.0022102636554669646
2017-05-24,-0.0029956717634438607,0.009027253614072204,0.006450410734875137,0.013216739976469067,0.0013091789788766681,0.011175926467513201,0.002330184206640091
2017-05-25,0.0034507653825619805,0.013203555671441804,0.015152348739823835,0.012715548024578062,0.01228462643448779,-0.002239787305710279,0.004768271112915667
2017-05-26,-0.0016911792810223349,0.0024131352851384795,0.001988500945063096,0.0011180565872005064,0.004871880440981766,0.025563779750422094,-0.00020701085020684645
2017-05-30,0.0003905753159954552,0.0009234245291062594,0.004529249437579667,0.001642022180975305,0.006411771372828789,0.02113715525702848,-0.0008691893159400873
2017-05-31,-0.005939532938676694,-0.002089069187958688,-0.011356487242607464,-0.006055720399889115,-0.008128778632793276,-0.0035958819458158024,-0.00024839580854721095
2017-06-01,0.002745575483825878,0.001336333363673719,0.002163627000683725,0.00046191054249220865,0.0037157374183826725,6.904721206233569e-05,0.007920809477764025
2017-06-02,0.014710379562238808,0.010765631293672095,0.008905904187490519,0.013633184992226705,0.02340462068053258,-0.004999829826486378,0.0033226370636035584
2017-06-05,-0.009825796158863582,0.004568790659168998,0.008247947027026619,0.00013033435174032663,0.007220081911102548,0.029969466160835463,-0.0007373625037667429
2017-06-06,0.003372170559820542,-0.008280671342560294,-0.007254068517031328,-0.005351863649715551,0.003315092783789265,-0.004536816771446674,-0.003202062857248653
2017-06-07,0.0059391060781768205,0.007024133440677958,0.004464772440555972,0.0020266770748267374,-0.0017942627907401587,0.012008543715192567,0.0018487939233308196
2017-06-08,-0.002448567982412161,0.00019795324267072854,0.0025148484455146778,0.010330498617831677,-0.006096781872098165,0.07004719643817801,0.0004924206342257833
2017-06-09,-0.03954927196877755,-0.03214629874553708,-0.034743001307498585,-0.03358735370921523,-0.022914969471040034,-0.06683338284699136,-0.0015188188271289575
2017-06-12,-0.02418562705479921,-0.013791801417242575,-0.007322908034405597,-0.00778412828351041,-0.0077087994101929964,0.0024699355843037212,-0.00020560743301598495
2017-06-13,0.008013413171724342,0.01632358873253813,0.011074214475656922,0.014977373937830067,0.01239069022227386,0.009490322736458464,0.004878016819007947
2017-06-14,-0.009802838102167163,-0.0044143332596648256,-0.0027728120989301457,-0.0028579398555698557,-0.005393682175523133,0.002111164861796888,-0.0012685674826736178
2017-06-15,-0.006011199979986592,-0.012676434670089953,-0.008927189852135324,-0.002999268078636747,-0.005279124435123109,0.004275056765012205,-0.0019262223305029893
2017-06-16,-0.014098547995722204,0.02412154437769515,-0.0026887611902260094,0.005591723410410094,0.0014301254765783406,-0.004934392773754425,0.0002187529254726253
2017-06-19,0.028205577318914855,0.007524389573950505,0.018544249854243106,0.014695013843626498,0.012351571930308627,0.03690466679546781,0.008290516404798528
2017-06-20,-0.009129730928529544,-0.002595844056369956,-0.00706501222014908,-0.004064018293921742,-0.013638329526395973,-0.0014631903644375464,-0.0067670330230811
2017-06-21,0.0059131076624421314,0.009665076352671014,0.009235300223494032,0.010844091134478344,0.00513575655463197,0.015036956047958972,-0.00024708744369710087
2017-06-22,-0.0016463123714177698,-0.0009283846759377528,-0.002462632413782424,-0.003319227529899906,-0.00014179993671933062,-0.006921608715030415,-0.0004527698610046794
2017-06-23,0.004453128936254565,0.002433900760344868,0.008841804570438146,0.010827842377578011,0.013430529525961795,-0.02908599176129525,0.0011935626434236392
2017-06-26,-0.003149579556017898,-0.009771195910067677,-0.013890763313893382,-0.00959000679625983,-0.009594974903038034,-0.010981243626244988,0.0006577994284062988
2017-06-27,-0.0144363289513184,-0.017455650195669983,-0.02653913928088231,-0.01979200277722598,-0.018892871831862112,-0.037295767604515785,-0.00808859047545896
2017-06-28,0.014504688575587548,0.01377673001392202,0.014091659826276982,0.017510853057138343,0.008488058751121337,0.03466315492314992,0.008910446276018502
2017-06-29,-0.014852669910870288,-0.014647305657211855,-0.024432559488493977,-0.01446066298806306,-0.018945666185917975,-0.03398089258388533,-0.008827620329718946
2017-06-30,0.0023634332787220557,-0.008158767491912727,-0.009920492566922606,-0.0003973545848565962,0.006403552943105997,-0.014558793155164526,0.0018627085836583307
2017-07-03,-0.003617055418726709,-0.01492493316859719,-0.01109877249787916,-0.017034118797978216,-0.011087042128252752,-0.036849554132421906,0.001694058298316921
2017-07-05,0.004102590556037558,0.018431137994025817,0.014372710832011474,0.012786156600034865,0.013260760209132172,0.02634899750498441,0.0023094220885606044
2017-07-06,-0.00948292158841372,-0.00646515572438725,-0.005521441791899959,-0.010161748838162158,-0.007410245083660618,0.0030015319394367432,-0.009186326667136027
2017-07-07,0.010107647111148473,0.014013290850071603,0.013039318054284358,0.017451832455271116,0.01289610342053965,0.022603003202571362,0.006463889447966966
2017-07-10,0.006084835946926251,0.01793260692748366,0.011053632335207042,0.013511104122108345,0.007458806466277548,0.046204117586594214,0.001073240474178217
2017-07-11,0.0032348941030866853,-0.002351062607816789,0.001387894877176881,0.01146498764894376,0.00014302463416012898,0.014083838173786669,-0.000742613418769153
2017-07-12,0.001442041024103892,0.012376187078943819,0.014664718352388724,0.023109371927603695,0.016437575242692966,0.04165323207914,0.007486496991849758
2017-07-13,0.013832743836058242,-0.005859074159175191,0.0035219422715439563,0.002262991000169738,0.008676471735666094,-0.011636053311710009,0.0016787994846891566
2017-07-14,0.008557751737015173,0.0011785244754943048,0.009279343066502398,0.004448337668554106,0.013974418869233904,0.026538683388674576,0.004653522387171229
2017-07-17,0.0034832777601947534,0.008181550788198502,-0.0026918076928658025,-0.0015014248981886002,0.0078009458493159605,-0.004252921047496447,-0.00012253680125927024
2017-07-18,0.003470531165484759,0.014165967957043887,0.012486842778290924,0.019406095820513412,-0.0006816935767963684,0.010357094731789519,0.000529821207134659
2017-07-19,0.006243754170203038,0.0023594259495064423,0.005670697782809685,0.007828749751762669,0.007610817714645851,-0.005195265473239688,0.005398946369557304
2017-07-20,-0.004512940353517264,0.0017805896727357716,-0.0028260926353942334,0.002373147504517511,0.004862273219385272,0.014431982597138866,0.00044544585919335377
2017-07-21,-0.00046545451895154636,-0.0029498251774531066,0.004914793064802937,-0.0006078047689912001,-0.005810293649141543,0.0035758571592118676,-0.0008908786416597789
2017-07-24,0.012038535102211674,0.012864484775985055,0.00759748152605755,0.00950264262807748,-0.0025783387294381448,-0.01166827636908511,-0.0002427904577925364
2017-07-25,0.004264602004954321,0.0008851451916088891,-0.0307008268599833,-0.004346739949123704,0.007984128581855668,-0.004826627652595916,0.002427648782452933
2017-07-26,0.0047028022642835255,0.012357569349559824,-0.0030550841170414026,0.0019945396971727952,-0.0018884951798092849,0.011485139106874575,4.053524825407698e-05
2017-07-27,-0.019078336566111395,-0.00647991893911254,-0.014570525253244024,0.02874781323484015,-0.012091767315982912,-0.033559304319648105,-0.000930050030648246
2017-07-28,-0.0070649135847518545,-0.025131530382414686,0.007933355054523736,0.011723954068344545,-0.0016414435178594934,0.016251667655045227,-0.0011737588535499258
2017-07-31,-0.0051640595593052075,-0.03213710000252025,-0.01178406960271921,-0.018730431874588126,-0.00466595979245036,-0.011501976464959386,-0.0005672865304559638
2017-08-01,0.008836180290081564,0.008478035876706792,0.0003545044615753371,0.003597580895121796,-0.001652183852730355,0.012109875113206017,0.00222652535957031
2017-08-02,0.046168409670298755,-0.00030125706689251955,-0.0004727280694483785,-0.003302105777143012,-0.004418636730220355,-0.0006078986482466398,0.0004850332908795235
2017-08-03,-0.010041312262714463,-0.009047782405920024,-0.007270633176584037,-0.004202677031346659,-0.0015233363124068382,0.012633446534159374,-0.001941828331564318
2017-08-04,0.005257166353464732,0.0006685428515366974,0.004655327331559725,0.0060910200317003905,0.007318982413608728,0.004374916383925245,0.0018203633340592089
2017-08-07,0.015355390878876635,0.004737682313489134,0.0015074364272442801,0.013817631171096037,-0.0038596058212482486,0.030277149563083607,0.0018577296729244686
2017-08-08,0.00796541082857992,-0.0024518955996691676,-0.002769129013518433,-0.004370614250061218,0.005372071817428006,-0.011965600489288637,-0.002464219754704925
2017-08-09,0.006103374290857973,-0.007941870689870222,-0.0042060781440983646,-0.0002920545980935467,-0.004406205800444434,0.010572520587207226,-4.042227901927915e-05
2017-08-10,-0.032369952498269974,-0.02588164750693739,-0.01711389149334835,-0.022329618357090526,-0.014734467482184578,-0.04376575718857885,-0.014215548373481261
2017-08-11,0.013810770680863909,0.01150198642164356,0.007850193804527068,0.004053960229604659,0.015148569723573226,-0.054768867033442324,0.001475833709406268
2017-08-14,0.014937265897405592,0.01569248656136944,0.009014382772866357,0.015760497260074956,0.014922738130476306,0.0767426808189171,0.00986420648682007
2017-08-15,0.010888076045380996,-0.0005696705688712181,-0.00048773812602799163,0.0014630036666919374,0.0002730222752895106,-0.00846825131030294,-0.00012162589683189187
2017-08-16,-0.004030348470237011,-0.004650899547582916,0.005126619493235907,-0.00586499120239664,0.005855410719528213,-0.01101981215165451,0.0017428797319739135
2017-08-17,-0.01938499147071286,-0.01816686028936246,-0.017389516888049534,-0.01834375209502802,-0.017117683324101626,-0.022534930743594198,-0.015713988045716158
2017-08-18,-0.0022830749187866786,-0.0021885856368846377,-0.00034038324479242796,0.002991220585937792,0.0012423781604296012,0.00018582638743303394,-0.0015641602675222042
2017-08-21,-0.0018429563375519757,-0.005419079827628361,-0.004413021030029006,0.0022076107929096317,-0.0047014980289503214,-0.014658148128494586,0.0007824576430857662
2017-08-22,0.016215206623121526,0.014175918202026435,0.019691062557813582,0.011025049488824736,0.013901533210789154,0.02201892203552292,0.010402778161180095
2017-08-23,0.0012508080935765265,-0.009247292912963967,0.0024949494411266025,-0.005497285386799832,-0.006032165251115081,0.019796460321671306,-0.0035920362054652553
2017-08-24,-0.0044478014602239106,-0.005810168804642285,-0.006189507455824633,-0.005766187436265928,-0.0004127213457035567,-0.003686262430853047,-0.0023333906447877842
2017-08-25,0.0036976065234652455,-0.007577608763643556,-0.005867851857699315,-0.008501484482188182,0.0017865445954448297,-0.008388939979150979,0.0023333906447877764
2017-08-28,0.01002088131519404,0.0008036504766950673,-0.00227362515887878,0.005516248906315329,0.00013768990301713554,0.007056516398268458,4.100927529291172e-05
2017-08-29,0.008878515354181644,0.008462861265084663,0.00815239969663533,0.004831599730411891,0.0030161895079036717,-0.0016381193757610442,0.0011443773303443378
2017-08-30,0.002697356254673844,0.01408192758850086,0.00894725257330905,0.01106612508622023,0.013055917553461673,0.005932986835922234,0.004725987653955601
2017-08-31,0.003971150233898671,0.013356132731702762,0.010444594278321534,0.011992326401244516,0.01021640792289664,0.022440466881560577,0.0059981460027826
2017-09-01,0.00030497405144181344,-0.0023993744256387843,-0.002120610990784657,0.0002907131703325811,-0.011163004164797508,0.006001657592383084,0.0014132813231493406
2017-09-05,-0.012081034316795528,-0.013357370517836828,-0.009529626730601115,-0.007585876423328896,-0.00447297076545675,-0.027055149187176476,-0.0072081014215856914
2017-09-06,-0.001049582876865091,0.0026175823694511687,-0.0006896750917267067,0.007992768591863486,-0.002856362852655955,-0.0006027457695015527,0.0034082696060673445
2017-09-07,-0.004023020419157362,0.011986152965818224,0.008735132082617912,0.006487238600745928,0.012724666392520671,0.004633072493912597,-0.00012180118936606698
2017-09-08,-0.016443060446466866,-0.013951323440571211,-0.01014783067042484,-0.013133592334626293,-0.004854262715026588,-0.017501536687245793,-0.0011753288465956304
2017-09-11,0.017930584982587885,0.012408473791438593,0.0027805771083236107,0.014864048968171189,0.010488262173423498,0.031924593775598684,0.010609330615467058
2017-09-12,-0.003971016863616578,0.004713053224380537,0.0032131394705905794,-0.0031748687238489226,-0.001071022042960821,0.0036026232620500627,0.0033651225318363643
2017-09-13,-0.0075505067793577765,0.0171733915147514,0.003234968758001088,0.0005202109978143345,0.007071958583044775,0.004471283815729088,0.00047980870950402066
2017-09-14,-0.008617995679148593,-0.007420404605939005,-0.010730232780142193,-0.012150966704208994,-0.005867264608091233,-0.0057098314236429535,-0.00031993972374668063
2017-09-15,0.010057894867181049,-0.005477525698462624,-0.005223952896364873,0.003969708927295341,0.007196187559687636,0.06130481203195614,0.0013454096359735849
2017-09-18,-0.007597168308218668,-0.012850916167347484,-0.005764704420149898,-0.009542195885492849,-0.0019937704892084075,0.040477786724992054,0.002124530553814843
2017-09-19,0.0003778781610191356,-0.004454611516832462,0.0074151177420388945,0.01465601684845721,0.0037186570919361377,-0.0010669551604592501,0.001000759546988494
2017-09-20,-0.016899663006323562,0.003448145643344676,0.01054294351496494,-0.0020307709805118847,-0.006650381528484402,-0.008092294929471281,0.0003599480311056261
2017-09-21,-0.01732080889044029,-0.008834574170731167,0.0009334813273206551,-0.0061758138944027294,-0.00978857212759742,-0.027716621240919375,-0.002682973231871093
2017-09-22,-0.009827113878310584,-0.00994923387863721,-0.0042127571699913805,-0.003336778107257664,0.0026916014617201886,-0.009784053481310093,0.000200413602939964
2017-09-25,-0.008861421244804827,-0.016159662973744406,-0.008175315859766606,-0.046017490307396915,-0.015575563801823709,-0.04572220520188159,-0.0020467321915478526
2017-09-26,0.017057250155907006,-0.0012669965704066126,0.004215040049798735,0.008193751617399722,0.0,0.005598423887560134,0.0006025091462330021
2017-09-27,0.007092542966391908,0.012987923943538475,0.021002513036166813,0.020911292626728015,0.008021400866328092,0.021686634944903072,0.003886663963043311
2017-09-28,-0.006178699821687003,0.0057988953957666236,0.00529053265427763,0.006242371766393858,0.000270506912560386,-0.0002845964732871024,0.0011991937332836411
2017-09-29,0.0054652728150211905,0.005162339637088178,0.010070315106533115,0.01260324529972664,0.008358003249704945,0.017435936058721433,0.003508911036758227
2017-10-02,-0.002013686189526783,-0.002249403897714789,-0.0061076086778989735,-0.008227041837624223,0.0016096943645109484,0.001285806783984037,0.004329102845088201
2017-10-03,0.004346667031881945,-0.002181295305561371,0.004730297512127484,0.002887156500389021,-0.004701839075761414,0.002065392529113126,0.0021378783807014206
2017-10-04,-0.006494332018832388,0.008686425286510317,-0.006399729747838933,-0.00910227628033567,0.0057736423553951055,0.008327804409369172,0.0011858067000437107
2017-10-05,0.012367931224134408,0.015825238418642956,0.01902606019601032,0.016605387174612005,0.016992357503166796,-0.000553411744072714,0.005907624479558054
2017-10-06,-0.0005795843397773707,0.00886107919707632,0.009164383545148138,0.005764475554979596,0.0003944676889359488,0.0029278420931201127,-0.001139515227938451
2017-10-09,0.0034711155968542924,0.0014238210688546902,-0.0019326062045819156,0.0015666061238420043,0.0038088589753493556,0.022308742823875512,-0.0016525908467803826
2017-10-10,0.0003848437011583845,-0.003831768090875414,-0.004513698795113081,-0.005289471884558059,0.0,0.01891471139870582,0.002635133101202943
2017-10-11,0.004161048074920685,0.007870071642162382,0.01697421307353463,0.006679824990010527,0.0017025300551197246,0.010582789982467146,0.001569505242077138
2017-10-12,-0.003519412503261112,0.005942132813285726,-0.001436483646134464,-0.001100533048418465,0.009118140650791334,0.000471106440872156,-0.0014911857803552907
2017-10-13,0.006325885062536819,0.002006082882542097,0.0018710782863443985,0.006872938362256057,0.004786378968748818,0.018464223864504192,0.0012167358040032813
2017-10-16,0.01824145541135662,0.0033843395588114174,0.0023412917936269585,0.004479315865539099,0.0020626995670236436,0.017018703785309286,0.0013328128112146376
2017-10-17,0.0036832191280926664,0.0027685800366083657,0.0001815698409508882,0.009069477843984377,-0.0007730674463660004,-0.0009101515293970958,0.0007046369416812855
2017-10-18,-0.0044339855259786344,-0.01209313309740889,0.0006346546565683631,-0.0004544280034428447,0.00025768407785287074,-0.0008596976493153005,0.0009782459863653642
2017-10-19,-0.02394493108035638,-0.01047588323378402,-0.008456163483716686,-0.00838580016545786,0.00385795503752697,0.0011127307174422223,0.0002736914146402787
2017-10-20,0.0017295495950101288,-0.0037572928970633582,0.0038019248230872055,0.002402989384054838,0.011485674869314684,-0.004560499499207632,0.005147140034104747
2017-10-23,-0.000512286791434182,-0.01704324664002074,-0.020188193504680763,-0.021430338859236443,0.0002538011325511226,-0.0014228431362554505,-0.003896970975274551
2017-10-24,0.005937472413737128,0.00988576804039396,0.0021556944962029833,0.003089700385028185,0.0003804754405733008,0.010422507819120254,0.0017554354572965366
2017-10-25,-0.0044018163395991615,-0.0030685003806522762,0.0028706799894674877,-0.007009364860680166,-0.0029208609612755452,-0.02559180879829142,-0.004962178858813548
2017-10-26,0.0063731654397752024,-0.000493529688470215,-0.0007914947848674976,0.00017589268505339425,0.0016519052529062996,0.01042812165215612,0.0012916586931231828
2017-10-27,0.03520283193569973,0.12413067896568483,0.046910189067157264,0.0416117309670507,0.062147056404606354,0.0310424791096439,0.008143063698682283
2017-10-30,0.022259135200981873,0.008952025262933944,-0.00212140295497579,0.01112519576287292,0.0009541060277601226,0.009760954423432704,-0.0037319824792811005
2017-10-31,0.013819630783182678,-0.005026784367623449,-0.00046208604528830984,0.0010556841270312688,-0.00849904758301689,0.014464940858783743,0.0015566295030982201
2017-11-01,-0.012800900999607488,-0.0014486789522828955,0.008677114437823243,0.014336380811955051,0.0,0.0018843138290295083,0.0013212157616912827
2017-11-02,0.007283685312422516,-0.008608262578960907,7.804895006412349e-05,-0.02068769635308159,0.010404731028944026,-0.006099958896228951,0.0003884508120704149
2017-11-03,0.025779019538706944,0.015758697930250583,0.0067052957669587136,0.0,0.00107006882339626,0.013265154387468853,0.0033332292021867604
2017-11-06,0.010093725557191818,0.008117362513653508,-0.0063933854990286185,0.006961983127765614,0.003914080893964195,0.0044940905852247715,0.0015462643534865734
2017-11-07,0.003208566358292343,0.00223724214185546,0.007216352220606346,0.0004439883644968898,-0.002370664067408608,0.011383837378053738,-0.0006956336165679814
2017-11-08,0.008147136718388232,0.008608024225570467,0.006289941557913111,-0.003835352609436082,0.00343580924022117,-0.01362821965928871,0.0016993613014892551
2017-11-09,-0.002044823176384665,-0.0033156381878703687,-0.008295220633400635,-0.0014489998871297604,-0.005573688325716183,-0.01852931496230537,-0.003634331635612988
2017-11-10,-0.003315431050005213,-0.003353311599482213,-0.0030979645041964757,-0.004695818581852365,-0.0026198800150310534,0.05135620939731924,-0.0003097684584430259
2017-11-13,-0.004015044286208677,0.0033887170168525244,-0.002259353610642557,0.0017355500098055155,0.0007153018661528307,-0.01637296297090959,0.0009293530050744825
2017-11-14,-0.015233318002153403,0.006769619085419319,0.00024387947443065244,-0.003923340520362533,0.0014289715844214108,0.007263222310725868,-0.002325272859050113
2017-11-15,-0.013277682095473274,-0.008968347731299169,-0.004973495355651508,-0.00067417018946244,-0.007803259698346987,-0.019804479935029307,-0.005017697652353788
2017-11-16,0.011876200778281353,0.00936408738245071,0.011288664444725557,0.009173895580837149,0.002647864652173898,0.007732840647471948,0.008464826678764926
2017-11-17,-0.005567882046401963,-0.0065367834661770735,-0.013073056574613749,-0.0032908172236447873,-0.009661644245220154,-0.001182235542715428,-0.002942790318412085
2017-11-20,-0.000999449835632307,-0.003164649813234889,-0.000696802529624699,-0.0014534506652271865,0.001576240041296967,0.012786912075563544,0.0017048960952680155
2017-11-21,0.01841956563196316,0.011633998526740592,0.015695361523677093,0.01730495037031204,0.014316109720075786,0.009160070996409496,0.006521401856975007
2017-11-22,0.010456978419797803,0.014523373823799913,0.0014200090961370194,-0.005458649311439684,-0.00731264085792296,-0.004503008654686491,-0.0008850626907074246
2017-11-24,5.692037343535483e-05,0.025482141960796904,0.004478455936922019,0.010504635975813385,0.0018032719078778148,0.0094006003829574,0.002307255176237356
2017-11-27,-0.005042281272250655,0.008254218778723024,0.012984640458185717,0.001367030703825938,0.007299514028451615,-0.013082795504546753,-0.0004993616302628283
2017-11-28,-0.005876033500756294,-0.0018665509076040718,-0.006471281935689519,-0.003338534285706796,0.011970357038571439,-0.01614710986444767,0.010093943082230598
2017-11-29,-0.020961126412453675,-0.027459731223672457,-0.024891590222562057,-0.04078301594786969,-0.018309593110023024,-0.07022744576377127,-0.0006089462405452743
2017-11-30,0.013886976603486645,0.013242202875674286,-0.0002446148004000347,0.011637454872722604,0.009909940959068256,0.021605758777159416,0.008716487022631555
2017-12-01,-0.004666072966840455,-0.012312604085950968,-0.011065573558192612,-0.01180873993559889,0.0010685137724038114,-0.015211814274122035,-0.002077236629824146
2017-12-04,-0.0073346016602986435,-0.024736740128106248,-0.011439342731730513,-0.020949119133558753,-0.038470816438355294,-0.057360594739232766,-0.0012108035031673356
2017-12-05,-0.000942802147989353,0.006697404592484736,0.00645756409976743,0.00790024773045115,0.006270010000763763,0.005769259748420966,-0.00360298281321913
2017-12-06,-0.00372052087004564,0.0093988532596201,0.01307637213388549,0.0185162779079135,0.014480060043493757,0.008063782571278625,0.00018977452401450142
2017-12-07,0.0018326301806480827,0.006435581273965053,0.01224807885142287,0.02290948353496863,-0.003509413102713297,0.014321282884466808,0.0031481699883068623
2017-12-08,0.0002949117085609955,0.001903710021834071,0.005918921780512535,-0.006348571816606543,0.02004251259437114,-0.0026076591397229515,0.0054385451224536205
2017-12-11,0.019296689332159726,0.005937598801784608,0.0038976757539566833,0.0002234270034838843,0.012634111768415685,0.016419350369506296,0.003008291794272452
2017-12-12,-0.005633495054688599,-0.0032904490154512796,-0.0005957581781866486,-0.011685429999185,0.004098072965971123,-0.01981975764891568,0.0017632067009380836
2017-12-13,0.003314117731085023,-0.0008157377293610172,0.00012490834903046508,0.007543884939890429,-0.002691118332919554,-0.024721154599405926,-0.00011275215885891071
2017-12-14,-0.0002900409318157371,0.008664139049874836,0.008173329471486947,0.0005046348485613538,-0.007763204732065692,0.0015564480960720342,-0.0040944380067992475
2017-12-15,0.01011031603738201,0.004147188353931223,0.014233602833426895,0.009984153385899202,0.02518507694524704,0.026930545332111564,0.008292881831918947
2017-12-18,0.013984625826179271,0.009655200437243666,0.012095393576519935,0.0035456936792269632,-0.0054261673416480085,0.03256077091733663,0.006321425544547913
2017-12-19,-0.010713681756432974,-0.0026913816143937534,-0.006015347442931121,-0.007271081538545755,-0.006387694860397456,-0.00908583825787879,-0.003847854464055758
2017-12-20,-0.0010890018892611138,-0.008253729095494208,-0.005366053835515396,-0.009065616287435374,-0.0036179889182629712,0.0035121543303799204,-0.0005240489196965212
2017-12-21,0.0037779699761750526,-0.0024316076057076274,-0.0012403422624746962,-0.002476631735891042,-0.00023442167162857167,-0.004634684265204636,0.0020571856955158923
2017-12-22,0.0,-0.005462810192431288,-0.0033054349229908117,-0.001409702032594942,0.00011707246232298792,-0.0031703076949072574,-0.00026126652429844257
2017-12-26,-0.025697094178351927,0.007163876953518443,-0.00319339544408886,-0.0068518720943847,-0.0012872911395321335,0.01105179523167282,-0.0011968995010467045
2017-12-27,0.00017562261768725164,0.004662922890910665,-0.006998823028347042,0.009219276047596934,0.003623355068427673,-0.0013685652588368976,0.00048639910472326526
2017-12-28,0.0028097702945954926,0.0032427757977950182,-0.001172725620285243,0.0016876149546856008,0.00011678563633022312,0.0011660524087631862,0.002055278053062329
2017-12-29,-0.010872520099840811,-0.014119976477714395,-0.0016615718101705944,-0.008239832252602585,-0.002102101569512039,-0.01995479584370983,-0.0037776051597775886
2018-01-02,0.0177461271144778,0.016570393594201663,0.017619177219501375,0.027720564111718613,0.004781620099549717,0.029784540433622303,0.007131434169862269
2018-01-03,-0.00017421351005582816,0.012694394527191124,0.01627993235269701,0.017755589853018408,0.004643040745871284,0.06373885852621312,0.006305404461626122
2018-01-04,0.004634272627839479,0.0044660253429876385,0.0036147723735176244,-0.001842680521042992,0.008762918264051218,0.0052570442975698175,0.0042059308292814465
2018-01-05,0.011321034781355852,0.0160332935792393,0.01446594041316204,0.013578473578700404,0.012322087045464386,0.008439018884597492,0.006642057857853279
2018-01-08,-0.003720969623882607,0.014321632906715799,0.004264098668203253,0.007624048381567845,0.001019832105128873,0.030180496155108583,0.001827050216641664
2018-01-09,-0.00011490222612597509,0.004664812398839383,-0.0006145422202827124,-0.002180051297269716,-0.000679647356374177,-0.0002701287767823412,0.0022606373171380435
2018-01-10,-0.00022956396530986032,0.001300359709972529,-0.003304852106866238,-0.00015975051511865285,-0.0045446796852145,0.007809174723659256,-0.0015310275737533783
2018-01-11,0.005664025271936319,0.01766139781681635,0.00263573587896424,-0.00037252364117791766,0.0029562538269626076,0.0017866440482248828,0.007269839715539592
2018-01-12,0.010273547532105826,0.02209336587396363,0.015028543638684494,-0.045767198898864,0.017109801967374792,-0.004920886269413491,0.006497762000673669
2018-01-16,-0.005095271706964481,-0.0002606211461983206,-0.0004455565021613149,-0.00547847317748626,-0.014049046587602363,-0.01295519946374878,-0.0034238289108749903
2018-01-17,0.01638163688770076,-0.0075850021734760985,0.009069491022464092,-0.004438337735394772,0.020057840132343775,0.020728093210486635,0.00948638923933107
2018-01-18,0.0008927533276295275,-0.001298133852806076,-0.0019366274450158892,0.012311245066347887,-0.0004438495286094266,-0.001246494744253226,-0.001682069576775747
2018-01-19,-0.004472122875799987,0.0009736994050156305,0.006809967065600605,0.00825284929370561,-0.001110348476220883,0.02494886451946006,0.004538817386620127
2018-01-22,-0.008215374496333605,0.024968098162378945,0.015959701399863583,0.02225595300030341,0.017730842942443894,0.015437838335050916,0.008098253814394734
2018-01-23,0.00022577380943234363,0.026196229930158944,0.012176744057013746,0.0212432325624577,0.0031604127791287407,0.022091688226563842,0.002120424279788513
2018-01-24,-0.016056434570467498,-0.003698397360036897,-0.004909607422799258,-0.014897888125259547,-0.0008711549013131921,-0.013103003052056306,-0.00038890514381755
2018-01-25,-0.01801260403229472,0.014944682738458965,0.00525142197693042,0.004972960596539532,0.005539185966980786,0.002329691983024095,0.0004239539520247283
2018-01-26,0.0023352722530089885,0.017338590199733116,0.004662776901900835,0.013351847196498649,0.01856365367582591,0.029104819159063627,0.011511199635794266
2018-01-29,-0.020915924373261008,0.0110863061970509,-0.00022116195969863056,-0.021384908524055047,-0.0014892897416594738,0.014362330255152544,-0.006651995072493156
2018-01-30,-0.00591150676139542,0.014106290909006738,-0.01016549617996047,0.006110947799176097,-0.012643609458057646,-0.016872282534843238,-0.010310154960576703
2018-01-31,0.002751033104141053,0.009049130891396598,0.0053563946938511185,-0.0012299106831702123,0.02418225531431022,0.012609485388183524,0.0004969651435519249
2018-02-01,0.0020880474727937408,-0.04287344522925761,-0.0019165570994095324,0.03263609444188049,-0.007925237957671298,-0.021798087717628915,-0.0011357062339785134
2018-02-02,-0.04435956891666897,0.028335697336222956,-0.04896555328491627,-0.014659620354064871,-0.026662774900542058,-0.029452230741347046,-0.02201057524894437
2018-02-05,-0.02530178079000135,-0.028335697336222907,-0.051771545029187634,-0.04856417246256977,-0.04205744692775753,-0.08869456048745664,-0.04272210316583898
2018-02-06,0.04094214272181476,0.037309622701425335,0.02321765247086176,0.022097581047435765,0.03714282240568436,0.05410181909225788,0.019510478406466397
2018-02-07,-0.02163948359722809,-0.018226722717437444,-0.030079500467737278,-0.0280737197339318,-0.019012723894108373,0.014173259194477605,-0.0054393954699118365
2018-02-08,-0.027902272681916043,-0.047911730278811245,-0.04591798431879958,-0.0489066787560969,-0.052697750430858045,-0.050557714476773756,-0.038230467313259985
2018-02-09,0.012157239595577591,-0.008103804791418619,0.03556490610467566,0.026059144625281756,0.03661114419529248,0.06479154059422769,0.014909601024193976
2018-02-12,0.039488518276967435,0.034216728035250644,0.0135521524736916,0.0017019855393517942,0.010715700428901607,-0.017605129739366662,0.01457785666316811
2018-02-13,0.009968241065076978,0.02019536975735599,0.00015209580268636533,-0.018652501416252066,0.007823009435594533,0.019972286094582955,0.0024841401142486476
2018-02-14,0.018269068241610703,0.02550419300925882,0.016590011477815837,0.03612830077017809,0.015536929714523964,0.037088817103139424,0.01340582181679588
2018-02-15,0.03302700717534704,0.007353751233283212,0.018359138603508476,0.0024481088943418315,0.02016756795017476,0.020823910019756305,0.012679787043625547
2018-02-16,-0.0032422309493619697,-0.0089814315393622,0.004834420718039763,-0.014553131341807864,-0.00714807850382653,-0.010849709324222379,0.0002929727561028297
2018-02-20,-0.003369524344429304,0.01347964456515462,0.006972365611655333,-0.007640764347567112,0.0077953449814847885,0.02126183943150016,-0.006281226761546442
2018-02-21,-0.004549117639048452,0.00987380009044426,0.008022458126838255,0.010737078044413364,-0.013354601963234583,-0.030863281144384237,-0.0049867593175438995
2018-02-22,0.00832441398765769,0.0016305120580417068,-0.004247180620575049,0.0060520732627159166,0.002619950008250103,0.003267806369680554,0.0012954823180020148
2018-02-23,0.017242070627509175,0.009821428842378839,0.01805350957475623,0.023739639155947404,0.025083165927212367,0.0154896632572617,0.015813817542677366
2018-02-26,0.019578955748170895,0.014527347404448127,0.014939441662714274,0.008907725566734439,0.014355694691638625,0.002639387602998122,0.011545460021269358
2018-02-27,-0.0032461029135072406,-0.006572418273647388,-0.022511524874389344,-0.018941951076103677,-0.012868305898785785,-0.002111218804241468,-0.012565482770949992
2018-02-28,-0.0015147250324884967,0.00031078300210627937,-0.012199936481848134,-0.01745570186826828,-0.004575332279630525,-0.016637597826059624,-0.01018133181731499
2018-03-01,-0.017671471715087355,-0.012641932360173476,-0.032390887442374644,-0.013436604144691382,-0.009859358691361973,-0.041295441036294574,-0.014647749335542911
2018-03-02,0.006890631890112776,0.004542832323262843,0.008750643148341885,0.003857388465495057,0.002151550063801538,0.018474904433035344,0.005141579471686562
2018-03-05,0.003455685534888229,0.015450749125216098,0.01106996365596313,0.021176123432289303,0.006320617568575601,-0.0037693556344131625,0.011491735627098234
2018-03-06,-0.0008483769752521973,0.00916635335491773,0.0037785559661480295,-0.0034427585758084888,-0.0034233000004667558,0.027251046970365893,0.0025317494846558465
2018-03-07,-0.009326347063053483,0.004775087665414082,0.013226475883245256,0.021624529066629143,0.005770011757513879,-0.0013224280887840787,-0.0003665223774634761
2018-03-08,0.01085321920883384,0.004430331047974139,0.014635868808235917,-0.0074853142387754186,0.006054455379559048,-0.0027327438735857386,0.004827676646092379
2018-03-09,0.01703520033381193,0.017267875039310328,0.029782986745690427,0.015725166302713926,0.022098773243036662,0.017060811214831075,0.01725244282610213
2018-03-12,0.009620987398409178,0.012274784456525238,0.003837403224857209,-0.0025405393180916273,0.002379689379574218,0.017896224286590063,-0.001255986682646021
2018-03-13,-0.009676548814792966,-0.0064082374088574355,-0.022870239454032888,-0.015710483463780744,-0.024690032197321122,-0.008241887281342043,-0.0064833464406002595
2018-03-14,-0.008538381862731847,0.0017741242337512898,0.00989678779855443,0.01262060668128894,-0.005949307409237118,0.004149504046395849,-0.005144713632895795
2018-03-15,0.0011764985429470213,-0.005470697171817769,7.831723267792932e-05,-0.0017932451032015412,0.0035101469840202585,0.00240911195036806,-0.001090734417288406
2018-03-16,-0.0035324727164696406,-0.006746984262292992,-0.012121050059392643,0.006667556596967988,0.004449270072692868,0.004561523059011862,0.001084222360622548
2018-03-19,-0.015397426664911496,-0.01716652889855416,-0.03212912184444829,-0.0700970472409892,-0.018241141104937804,-0.03858182080248228,-0.013623221610938926
2018-03-20,-0.0003423176808051871,0.02655806397402168,-0.0019202530312095096,-0.025888574903418362,0.002580159554679899,0.03498230435422217,0.0016994313507878076
2018-03-21,-0.022914912118114222,-0.002935242181331271,-0.006241571416169062,0.007347287481427564,-0.007003866746661553,-0.004095264502506535,-0.0019208566769219845
2018-03-22,-0.014230514340220513,-0.023629241659590867,-0.03907118204141457,-0.026925170370462766,-0.029518686551696316,-0.027366400129631034,-0.02531522772708874
2018-03-23,-0.023429266730652286,-0.0324714405071344,-0.026572833084938647,-0.03392471419921209,-0.029498592438396205,-0.03740814888224646,-0.021544859876828772
2018-03-26,0.04637965103496815,0.03952772098848848,0.030501901033738805,0.004194855768166944,0.07297638719363263,0.048223926341609345,0.026991542522962833
2018-03-27,-0.025975575272406154,-0.03853192075579568,-0.04675549544309077,-0.05022191556288571,-0.04704832424644123,-0.08072480999499984,-0.017158208074382023
2018-03-28,-0.011110386381498154,-0.044829570623964574,-0.0005374210280994856,0.005307185383341002,-0.000894604868358372,-0.01866375733200354,-0.002959135855228041
2018-03-29,0.007778253959954536,0.011060397628404146,0.026745578741883304,0.04322626318524347,0.02081349544023708,0.04522381527161576,0.012696586160099107
2018-04-02,-0.006578058375498232,-0.05346506623271679,-0.02484602340296209,-0.027922167132074027,-0.0305936551943611,-0.04657971365601985,-0.02182093231941563
2018-04-03,0.010207154801940949,0.01451521594489404,0.006871592264071815,0.004622755125861563,0.013353695456902636,0.019265653297272138,0.012735520173841738
2018-04-04,0.018941971520708062,0.013216432521270617,0.011508271875452919,-0.00649079604018198,0.02878712800468173,0.00394181303125054,0.01064258763298032
2018-04-05,0.00691035395491011,0.02877581980896398,0.0026011841932250057,0.026970162763880624,0.0005411965107712575,-0.021715478427829376,0.00786082368708771
2018-04-06,-0.025911711222007323,-0.03256879145160196,-0.020414897656849038,-0.013521323313008683,-0.023548736484882454,-0.032737652830239834,-0.02253791198044394
2018-04-09,0.009869142295720074,0.0006047480886455927,0.008316351882098857,0.00463289516206337,0.005966931682269977,0.005399872739218237,0.004916314939550635
2018-04-10,0.018643077051775613,0.02120891765877724,0.015818036344091322,0.04403601166652712,0.022979673553237833,0.05640763336284874,0.015775112792643948
2018-04-11,-0.004685851120347051,-0.006405231332769564,-0.011376599913178439,0.007725831798280656,-0.011042654145400729,-0.007354374843997745,-0.005255960408611747
2018-04-12,0.009809896886519441,0.01491919110975978,0.012219505484093538,-0.014840199278719587,0.01855098199813197,0.03628537452541718,0.008193515657963004
2018-04-13,0.003382332828672705,-0.012301877768966152,-0.0031428666916203155,0.0039587148357279126,-0.0053572946647450215,-0.013302114152366795,-0.0029375552493511054
2018-04-16,0.006218798144125019,0.0074574931597974625,0.008426646552838656,0.001882560352836112,0.011642489494708794,-4.3211611890977e-05,0.008187989783301671
2018-04-17,0.013670490435489978,0.04233096224700543,0.03426242039636295,0.02297017839832384,0.019975424555572524,0.02579965538531238,0.010641636310947701
2018-04-18,-0.0022468854218934747,0.01583979284660221,-0.0019381540695842354,-0.013730795625849467,0.0038439620031816613,-0.004937725305910014,0.0007403483735860429
2018-04-19,-0.028749289878054637,0.018848100013873853,0.014464692224347302,0.010404883394106085,-0.003427662294316934,-0.0315019111383723,-0.005563241865891137
2018-04-20,-0.041835479238789976,-0.01907723181610307,-0.013644261998601002,-0.01088585859302875,-0.011616480348600708,-0.0014416332099616066,-0.008515535934889405
2018-04-23,-0.0029004605781035118,-0.006324400696319432,-0.00514842778259803,-0.0026496917460504974,0.003677170466254488,-0.021344970617272363,-0.0001498027095967936
2018-04-24,-0.014016955636555159,-0.038803322300977466,-0.04548976359472192,-0.0377889060610188,-0.023665234215693245,-0.01204262050217021,-0.013558982644146388
2018-04-25,0.004347920966349071,5.475954499941282e-05,0.0011757467874432268,0.0,-0.008736507304104439,-0.020738056592497132,0.0024688059494300607
2018-04-26,0.0034768761797105943,0.03881450715060276,0.018300456001333613,0.08673998736241784,0.020904423973228718,0.03874859238010516,0.010114106509265745
2018-04-27,-0.011637109463131446,0.03537561362599702,-0.00965183247131386,-0.0032784226946490362,0.016414477714007905,0.00491622391500791,0.0009382617418930697
2018-04-30,0.017950096535775065,-0.004135326109196778,-0.012425765883478207,-0.009201569455272183,-0.024296173700742267,-0.006338103862752974,-0.007719989443184449
2018-05-01,0.022970376712259027,0.010246541390296704,0.019449355636514763,0.010755911406496954,0.015701843067048853,0.009910623416150196,0.0017752698111916255
2018-05-02,0.0432272080781246,-0.007982399946119208,-0.012543330141166193,0.012631323766728354,-0.01580838720834771,-0.0036608337424661502,-0.006740077824286829
2018-05-03,0.0018104287888989724,0.00152774422597195,-0.000644503142808994,-0.011711426512653004,0.005970435050179787,0.02908965652102851,-0.00220646232616483
2018-05-04,0.038483424266940625,0.005626403963582918,0.023640850350161766,0.01477357729288084,0.011520580262664538,0.025719115957596007,0.01286361365618829
2018-05-07,0.007209273897051965,0.012065232820824213,0.006257806583706236,0.00767111429738383,0.011077312576291166,0.03945222789822152,0.0033773655784206276
2018-05-08,0.004794891571732174,-0.004855150386433913,-0.0008347147069386567,0.005323738284208696,-0.0042701987384000314,0.006892956258366243,0.0
2018-05-09,0.007016386005158189,0.009755167405861371,0.027006309519625637,0.02068769635308149,0.011725356423838823,0.021258156549004592,0.009619225490780458
2018-05-10,0.014202891512240159,0.0006714269487795818,0.013585289771490322,0.015590169019381922,0.009956384381760677,0.01686386351280213,0.009307635005425618
2018-05-11,-0.00381072561478703,-0.003841887076876573,0.0006284990550789724,0.007838503861299403,-0.0021472090855982786,-0.02176309858927312,0.0030464136656945676
2018-05-14,-0.002336036343519822,-0.000855019821921358,0.0017648623615773363,-0.0018734748391987632,0.003372226938377408,0.00325576455915764,0.0004764247986145709
2018-05-15,-0.009129756622970874,-0.015999582214342844,-0.019244239407887623,-0.012508253916231914,-0.00726914936331176,-0.03913293883428859,-0.0069109364230564175
2018-05-16,0.009289345686619684,0.007055711937681797,0.002350764134998632,-0.006094938643796249,0.00257646429312531,0.0018308401651220233,0.004196438369325615
2018-05-17,-0.006344022144233169,-0.0034837207851964812,-0.0029439132482924324,0.0030520293572894245,-0.010034396468837047,0.006886431064074338,-0.0008453282147062538
2018-05-18,-0.003642998210888404,-0.004682948952668358,-0.011403542753360685,-0.0058945115446506265,0.001869533658164464,-0.007171105887308179,-0.0025030088816343295
2018-05-21,0.007060178058463123,0.0070194493799519446,0.012320991578363492,0.009859360270521613,0.012786424663638567,-0.00693632198798422,0.0074901839181040954
2018-05-22,-0.002508090444974264,-0.002564092355650729,-0.009165766394908511,-0.0037471251402955057,-0.001025206903904493,-0.006325008197364237,-0.0027837397140770214
2018-05-23,0.006391161245813711,0.012854956228734496,0.00926772436149122,0.01672549422293363,0.01182745260480063,0.02036403942201162,0.0027473114089031254
2018-05-24,-0.0011158175678295914,0.0007551004151900502,-0.00041686239569141886,-0.005203449550262205,-0.0035541614885430325,0.0006055250925219431,-0.002050602452124701
2018-05-25,0.002282958468848232,0.004406755128694276,-0.003322673734109425,-0.005447025080945277,0.0005086782486188099,0.006399261411030034,-0.002385656950521704
2018-05-29,-0.0036124839664578136,0.001687878056954978,-0.014363686314542627,0.004424604475704739,-0.0035646865882121015,-0.002771930922026651,-0.011567492860000951
2018-05-30,-0.0021309760038769328,0.007424894791795791,0.0070296720960974415,0.01033722521471699,0.009545075865307366,0.017545122241515592,0.01325644085374433
2018-05-31,-0.003365728043868763,0.0029067818463926367,0.015970357342753077,0.021663754316785126,-0.0011123238166484432,-0.0031674121962757206,-0.006144785414290284
2018-06-01,0.017873440587247567,0.007287974742940334,0.03131130917642987,0.011457862862326411,0.01953678054356205,0.021303154178042488,0.009769649806411011
2018-06-04,0.008323334725130836,0.014352361192745182,0.017523140376272024,-0.0036667214715010057,0.008693385839416859,0.02767775209308177,0.004740127037466953
2018-06-05,0.007685204787402667,0.018491622422478978,0.00032473102030481087,-0.001760681540725376,0.0051012333092326995,0.0008304357676699844,0.0007271065259142797
2018-06-06,0.00345987800670729,-0.0003537487735077804,-0.002442279857911421,-0.008327270551336625,0.0029315085049682918,0.0003015283660041981,0.008326359354452454
2018-06-07,-0.0026840559318344454,-0.0038109042575301937,-0.011518489956269602,-0.01665325613273645,-0.015833354333867462,-0.008521899021208744,-0.00010794864774469094
2018-06-08,-0.009139175838819827,-0.0031482087067048275,-0.002664076509759681,0.004877337171664637,0.00740708650580813,-0.0023608488744501287,0.0029516361759064197
2018-06-11,-0.002454606839038316,0.0030417085523415876,0.008103600316948888,0.012820497737576835,-0.005723639289477342,-0.006349293635583011,0.0013292638310416693
2018-06-12,0.005475500072154058,0.005684988047565979,0.00822281019067268,0.004479998285987185,0.002569681668626209,0.007492269600226778,0.0012916124272052336
2018-06-13,-0.008251201764861264,0.0035902650511343294,-0.003983977772164495,5.191116207164602e-05,-0.00455103825811847,-0.0006859077492974476,-0.003196377610680407
2018-06-14,0.0005243312896766484,0.011083020118790305,0.015156051276150828,0.02261027850741401,0.00563625771112364,0.017041384215412413,0.0025148994572020567
2018-06-15,-0.010325633529746237,-0.004587452546296073,0.00012153868523648745,-0.0048897135950007635,-0.012800955298782028,-0.006200688653369469,-0.0012763956344804387
2018-06-18,-0.0005297748324371457,0.00454682322375441,0.01823148401882867,0.012482330732779752,0.007264281758739043,-0.0006411899635735633,-0.002059484219701866
2018-06-19,-0.016291710904511876,0.006355243580262066,-0.004612408854331861,-0.0041434112441081465,0.0,-0.018734248228974938,-0.0038397860950395244
2018-06-20,0.004352762714863324,0.008780890154949957,0.0015227184446926733,0.02257976881735239,0.00996400654974404,0.008192089563673444,0.0017043937646407487
2018-06-21,-0.005592049988895111,-0.011412889667689054,-0.010466219581938864,-0.0024784519005497697,-0.0071918379403808005,-0.020023176768540048,-0.006288690005174278
2018-06-22,-0.0029159620388383234,-0.008444903691629486,-0.0018849847736125964,0.0011905239364619932,-0.007243771935477315,-0.02425051329826545,0.0018215961543660464
2018-06-25,-0.014983075709674519,-0.031090273447365042,-0.026901674031151346,-0.027080977988181657,-0.020322658040547358,-0.048288060294887886,-0.013706175736031714
2018-06-26,0.012329728387661987,0.01665984392829657,-0.005661323368857836,0.013405978696289426,0.006988373041709,0.011930855046949473,0.0022115168879268633
2018-06-27,-0.0014649731269798009,-0.018248499964223154,-0.013030956536530847,-0.016006838738357298,-0.015665098965758222,-0.02625168144894724,-0.008318813603172845
2018-06-28,0.007249887007134345,0.0243561005785281,0.009232674568244798,0.001989473667334832,0.011112978563720378,0.02157137635067629,0.0057012809387691375
2018-06-29,-0.002104761912585884,-0.0009702818544208091,0.0012827307149706644,-0.009781013971094115,-0.00020276677285367554,-0.016577749215112653,0.0014386698548652112
2018-07-02,0.011120500216325236,0.008190920166379114,0.010530125283612649,0.015523074775751078,0.014097521259935932,0.02229071873959983,0.0021356155244098667
2018-07-03,-0.01756972533082677,-0.011632531973367489,-0.02203330322832516,-0.023739295592786147,-0.009645542266796682,-0.022544436416454924,-0.003537689255418812
2018-07-05,0.008014496683062975,0.0034004971509542445,0.019199977909746316,0.02924696479498058,0.007142603902971221,0.02456522767816892,0.008125288911693255
2018-07-06,0.01376683389841176,0.006392287119912709,0.014043368799102502,0.023801172058007018,0.013936218554219048,0.018773642075465197,0.008422483333217294
2018-07-09,0.013789566515199704,0.01645995034240514,0.01210002596713687,0.007402581838794221,0.006797421811316016,0.007733239273481342,0.008963819862566306
2018-07-10,-0.0012073852340282632,0.00232627083824685,-0.0010490370460527582,-0.005878477633735644,0.0026476377165359595,0.015920314621427355,0.003592028543349962
2018-07-11,-0.013061130361803742,0.006820891325990276,0.0009190992861900038,-0.004925191648587006,-0.001371741665795464,-0.022845168377442167,-0.007340967342767302
2018-07-12,0.016627200429431523,0.023438279239991148,0.0253117550159555,0.021394960263825563,0.021439453713259973,0.014836765786604415,0.009024846055500396
2018-07-13,0.0015691182966753457,0.009092308299375183,0.00450192080000185,0.0019312947659074192,0.011831011862036887,-0.007631268012546272,0.0007872942990351697
2018-07-16,-0.002197337268422035,0.005204214611598074,-0.004180877791012518,-0.00043427546574278556,-0.004944467532271241,-0.004502344163028356,-0.0008947979992821337
2018-07-17,0.002824515092200714,0.01169553351913824,0.012540730658414672,0.013230589901495966,0.009864452648448107,0.02187825132126077,0.004037425817347106
2018-07-18,-0.005499641754563702,-0.0005478819253286526,-0.002438747461012656,-0.003004549252587001,-0.007864700065971281,-0.007875369118231708,0.002101288362771328
2018-07-19,0.0077428717860737566,-0.016384942345801963,-0.0074869273338748574,-0.006084608886366339,-0.00687297511145897,0.0013103797256986437,-0.0037785570075592966
2018-07-20,-0.002295514967557362,0.00040256240260806996,-0.001728585835521664,0.008851163608196657,0.017753251872900118,-0.004533360145443725,-0.0011434155724842005
2018-07-23,0.000887714020352268,-0.0064717884686560055,0.017227600005952467,0.004609648100600075,0.015870575530803562,-0.005916823222914645,0.00185750896330454
2018-07-24,0.007227832975723435,0.015003415773147583,0.03471199836504474,0.017670471299521495,-0.0028754932548448,-0.0028103699098814988,0.005019327292240603
2018-07-25,0.009386219179160729,0.01861486826928323,0.012437559480100972,0.013096888831320852,0.029019523556168318,0.012625232787387485,0.008486213967603374
2018-07-26,-0.0031363072416642564,-0.030294147444007914,0.003657217455704983,-0.21023864207341483,-0.010977682307456821,0.011722825854244154,-0.0023617834026324488
2018-07-27,-0.016770989856813655,0.005114123653927564,-0.023800144784776642,-0.007803108914513013,-0.01785588901000796,-0.011127401703228883,-0.0067992334259878336
2018-07-30,-0.005618537382045364,-0.02116035295109697,-0.015263260270261177,-0.022142890885146687,-0.02168592259548638,-0.0318072464000402,-0.005237190346727348
2018-07-31,0.001998592657074495,-0.0010009041577796927,-0.0020352949170221067,0.00884668550609872,0.0067154767054874885,0.0029855876448923405,0.004917116077531389
2018-08-01,0.05724015617597662,0.01103903355711626,0.002256572989589134,-0.005403382764806531,0.0018834535198756575,0.006553636900142617,-0.0016718941945438582
2018-08-02,0.028811977846580357,0.020466105945655327,0.005020110317405217,0.027126525903936705,0.01206481853682205,0.016697431977289352,0.0054328038305649405
2018-08-03,0.0028888461833783785,-0.006036752198725051,-0.0019918761919092355,0.007962892216574811,0.004359769235147059,0.005888035083829901,0.004275586935830864
2018-08-06,0.005179186117574592,0.013326116952434698,0.0008658307717296886,0.04353183429157672,0.0008328129682898432,0.007626750812934079,0.0036605463779898336
2018-08-07,-0.009419354435102077,0.007940289206943445,0.014147086955746957,-0.010176213060452407,0.006912011121245249,0.011429130964322588,0.0032972411972805016
2018-08-08,0.0006759282757251554,0.012824884974734161,0.0027252431465312026,0.007425756009625379,0.005586774858381232,0.005704488512948065,-0.0004203106295671213
2018-08-09,0.007834040665036434,0.006340837796472893,0.0027979703206525105,-0.011350581036925114,0.0016427524801756318,-0.0076133391928965835,-0.0013673957828742936
2018-08-10,-0.002982875133598182,-0.006457397373654605,-0.009241307208224523,-0.01557750295201544,-0.0061280257158220835,-0.00653293588038586,-0.006722637954360514
2018-08-13,0.006436013260309691,0.005234593496003321,-0.002102965130877248,-0.001165537824137582,-0.0072742039374585525,0.005206248913895651,-0.0037506632931242293
2018-08-14,0.004204347204674525,0.012291000927706849,0.005724463703122654,0.005869810111634909,0.012398687678520873,0.020520456250880056,0.006360401207205822
2018-08-15,0.002333617143480457,-0.019478470012663493,-0.022569891894411012,-0.008762179108948893,-0.013653393273027834,-0.00902977662409343,-0.007494997093789239
2018-08-16,0.014543406187533262,0.002069435166135004,-0.006518346117882386,-0.02727203727186453,-0.00018595720919289445,-0.0063500777146380865,0.008058430543602918
2018-08-17,0.01977308801160018,-0.0022818919343934856,-0.004594133813716851,-0.0051650406401344455,-0.0005573953662646779,-0.050263453100242377,0.003514329825701442
2018-08-20,-0.009791078225478943,-0.002931660125657338,0.005654552037530357,-0.0075079800956469565,-0.006621380342524287,0.012260312350671106,0.002137855547815704
2018-08-21,-0.001951367573882419,0.0035689760811241154,-0.0051051397356361924,0.0006953737478284193,-0.008362826887487915,0.021869914900881037,0.0023428404289450545
2018-08-22,4.645910023313993e-05,0.011340294746076632,0.004740700072845125,0.005891455711747525,0.01013886143988209,0.036815538793070694,-0.0005944835139929447
2018-08-23,0.0020440822787354436,-0.001050539556003232,-0.001616483204703634,-0.004270794951892021,0.00465940227576893,0.01518007933915351,-0.0013284149792120701
2018-08-24,0.0031044937411345685,0.0013077166792931142,0.012588659945626619,0.010070645604824215,0.007779332142088444,0.01996131434701372,0.006000403861492791
2018-08-27,0.008200932702113929,0.01163051544939646,0.01719463707155766,0.015961400607763448,0.011009230191903016,0.013428225404719185,0.00786413258937679
2018-08-28,0.008042985909943274,0.002662829214967849,-0.00862946072292385,-0.006785130205126726,0.00600382727041489,-0.005524545225088581,0.00048344000757098845
2018-08-29,0.014819128405337315,0.033216652418121086,0.014634656186902956,-0.002044592683719197,0.015836208259594427,0.015414885823373213,0.005365805870414788
2018-08-30,0.00915155421324416,0.002139789185662643,-0.008181858296128141,0.009843338957752898,-0.0006250349883286183,-0.002444823067016102,-0.004056302487918812
2018-08-31,0.011487938021623977,0.0051455472939262855,-0.017035292204010344,-0.010810235483096502,0.0033886621726459515,0.010277812617915475,3.4502543682802835e-05
2018-09-04,0.00320177349635142,0.01322754939250794,-0.017547670678341606,-0.026349987365876643,-0.005534840002605806,0.010702355993017417,-0.0017239920545352246
2018-09-05,-0.006546218796270901,-0.022155808895267127,-0.008827449606513726,-0.02352761191308377,-0.029248096176012532,-0.01878672948782167,-0.002694941225232258
2018-09-06,-0.016757017088543578,-0.018471969798578087,-0.012757215349470432,-0.02820859872984832,0.002301744151097827,-0.020685135269769443,-0.0030142973519218927
2018-09-07,-0.008100710906502134,-0.003191472227875324,-0.005658625014358729,0.0031329697877801907,-0.0048859879873860874,-0.0031582992520619046,-0.0019455686455882861
2018-09-10,-0.013511867080872826,-0.00671281317449781,-0.00016316405878899785,0.006967779914681323,0.010754229438510371,0.010501366149878242,0.0017371093624066881
2018-09-11,0.024968739887641117,0.02452389439974024,0.010862656180743004,0.010662980994583737,0.016861979266877176,-0.007049802708265245,0.0032919454611948407
2018-09-12,-0.012496714788635666,0.0014332057554714182,-0.012426661389726203,-0.02402994217497392,0.0042161313069133885,-0.01700601585146171,0.0002423005580568629
2018-09-13,0.023868012110372917,-6.533122087816396e-05,0.010700961839292322,-0.003958423274257229,0.010684978008978207,0.01163998719030722,0.0058969991545431795
2018-09-14,-0.011416073718445779,-0.00993933696629168,-0.0023851702485322562,0.005931868977578627,0.004065725992942605,0.018584939628297843,0.0001717163844275987
2018-09-17,-0.026986914561671873,-0.03205870700465009,-0.01415475118220652,-0.010777485323200362,-0.010908941936498412,-0.009085390024141462,-0.005308020324287808
2018-09-18,0.001650878100944543,0.017157778216997852,0.004462111622837357,-0.0017453006906588161,0.009496716396404058,-0.010679724955696598,0.0054109654964381885
2018-09-19,0.0005953175555199933,-0.00756569249460357,0.008463776747074138,0.017071318032805767,-0.013428045261522725,0.0035358603299603083,0.001065377024395235
2018-09-20,0.0075731785090599555,0.009238628182457895,0.013384596595117787,0.017990017328773904,0.01660287869520954,-0.02118014519944433,0.008070744040244113
2018-09-21,-0.010830014490660267,-0.015179095926849621,-0.017663292091798833,-0.018787663552388114,0.006057144421408129,-0.010684779437548827,-0.0009132101027636979
2018-09-24,0.01427802948622461,0.010053664875920762,0.0062236872824775235,0.015106533415415364,0.0035819823646034265,0.008504335195135056,-0.0033282263743331358
2018-09-25,0.006320769597096647,0.020563987165268808,0.00956740098756747,-0.0030271639507423445,-0.0019203638109436987,0.01014788574074625,-0.0009278616101118869
2018-09-26,-0.007997744819399102,0.00015191562854669196,-0.003517742910202455,0.012294402947144567,-0.004115129064109109,-0.005566901442877389,-0.0029968854422705174
2018-09-27,0.02034325236431571,0.019123782614347835,0.011915258418788778,0.011257042394418193,0.003765679372379045,0.0017969008735573093,0.00279051196606664
2018-09-28,0.0035058676636801254,-0.004970159887051252,-0.0009798420382690905,-0.026284001966744665,-0.0003499292013249766,0.04968005452072425,0.00010325059091450572
2018-10-01,0.0067107021153198654,0.0006787590310107474,0.0015405787644480558,-0.012358730226935321,0.01078377313125298,0.029245684763443705,0.0034681469269059323
2018-10-02,0.008849187716890796,-0.016626551298427376,0.004007656631969165,-0.019331187991117726,-0.003987218796368213,-0.010002773368277516,-0.000582967517122154
2018-10-03,0.012095112934295658,-0.009454518172878833,0.0023635618848776357,0.019269415617007096,0.0001739722166286101,0.0008720873865251394,0.0005485543350736431
2018-10-04,-0.017737322763497917,-0.022444223425413613,-0.02932122529450027,-0.022286515644766816,-0.02088192372375606,-0.026290358695237492,-0.007846714834008728
2018-10-05,-0.016362149674729203,-0.010407930696264011,-0.009322675970884651,-0.00961492678319027,-0.005868395599357086,-0.03434712932872403,-0.005612447708150485
2018-10-08,-0.0023209216973957363,-0.01344158738489846,-0.007266967025681275,-0.0005086854862526982,-0.011481285239437195,-0.015272033479653117,0.0
2018-10-09,0.013758403548992217,0.003159506847789425,-0.00887332701041862,0.004125028121780566,0.012639839750776295,-0.000865711447658689,-0.0014604724087191653
2018-10-10,-0.04743346284709699,-0.06349826467822699,-0.051902439380865924,-0.04216855576940399,-0.05587017999675668,-0.07769507245901779,-0.032175169768696214
2018-10-11,-0.008866906293178194,-0.020659106604926675,-0.0017589324768383188,0.012929707646227721,-0.002357749409817419,-0.04393214799231942,-0.022272717956835542
2018-10-12,0.03509612372563299,0.039486584027737796,0.028100858287955555,0.002539814723280373,0.03397375037161744,0.04738590055567937,0.013792788586754152
2018-10-15,-0.021617880517598713,-0.015585296480611561,-0.016192297863137323,-0.0014319868957372143,-0.018142735300693578,-0.04632305014280541,-0.005633039456254123
2018-10-16,0.021798006769422725,0.03296109181385253,0.0262310428748084,0.03368879077122346,0.03110958178147117,0.0434389518494985,0.021630432777766582
2018-10-17,-0.004330919319210552,0.006446363237738997,-0.004997962577947048,0.004022517722132226,-0.002616174930018227,-0.01133187145256074,0.00017851405602891887
2018-10-18,-0.023651081871477686,-0.03387461944326041,-0.025159257352899762,-0.028633285419284855,-0.020164055657966005,-0.014629607328317033,-0.014546651091247878
2018-10-19,0.015115315745961594,-0.003785315142127887,0.007773108444163116,-0.005631606498926353,0.0014737113567124154,-0.04421434413883506,-0.0005426262875347197
2018-10-22,0.0060912875231846015,0.014223477431537703,0.004277352022555123,0.004727503698376243,0.008887320402038346,0.008905282379367298,-0.00449870317657859
2018-10-23,0.00938268616802735,-0.011579655130424511,0.002295093072419917,-0.002522926259779917,-0.014054310672902361,-0.04493538172084585,-0.005103999525714777
2018-10-24,-0.0349035754501508,-0.060900269370242635,-0.04919307904983771,-0.055601327959372636,-0.05495161963756247,-0.10307151282048975,-0.03076703919009464
2018-10-25,0.021661314061080007,0.06848717973245126,0.04180874990202629,0.0330680932199869,0.0568001528226823,0.04140594143143054,0.017781328885259025
2018-10-26,-0.016051618049859266,-0.08142347029725895,-0.022243197792548717,-0.03766637616625665,-0.01245044278684523,-0.04703836936447965,-0.01774368395829797
2018-10-29,-0.018948829193510295,-0.06535334363664695,-0.04915056124025097,-0.02282153064996527,-0.029507184518340685,-0.06602901485329647,-0.005555580919951161
2018-10-30,0.004982018878000199,-0.0055126260875841115,0.01568868269992899,0.028651686401603763,-0.00115637190628286,0.0895046828308636,0.014709582146357281
2018-10-31,0.025732699293957932,0.04321681687087765,0.03839601685794442,0.03738556347575409,0.029260310068288,0.03784598360415534,0.010624150803929804
2018-11-01,0.0152356822088546,0.04138428065577011,-0.006307125639725189,-0.00026354285142441417,-0.008367468302885667,0.033947688419073765,0.010585752041139177
2018-11-02,-0.0686329847761842,0.0,-0.01147688256828877,-0.009268337328015871,0.002263286320504748,-0.014733760617320079,-0.005940491616271371
2018-11-05,-0.02879902017569201,-0.02291395130748333,-0.016874533522444956,-0.01116977144527431,0.012636593233678441,-0.014765169117869233,0.005501863909728461
2018-11-06,0.010755839364341888,0.00917882350506658,0.015000942473970073,0.008438990047529904,0.0019510972667466642,-0.0033583364032166788,0.0063077960161424
2018-11-07,0.029877614739883002,0.06633977136357028,0.03497466828323556,0.010548339602162499,0.0386065033840355,0.012851700215831536,0.021183099520788156
2018-11-08,-0.003495091370916916,-0.00033043903181154073,-0.010102088828418216,-0.02445011142835317,-0.0018772114607455528,-0.03716647211330671,-0.0018166793325454773
2018-11-09,-0.019469902340949894,-0.02450416594044294,-0.015126816378759884,-0.019875643535041256,-0.019700981461914936,-0.0015546883494945512,-0.009816171630384255
2018-11-12,-0.051687274289022735,-0.045139744065118316,-0.026151457332644564,-0.023804782905216537,-0.024950100556183838,-0.08167286683578741,-0.01886198201788178
2018-11-13,-0.010041598657415683,-0.0034760725613268697,-0.002487003391333967,0.004300297123681203,0.0006546593520317972,0.05026139962071487,-0.0018729221833985077
2018-11-14,-0.028653939275735205,-0.019912881833394288,0.0073181505776468755,0.014386452541119315,-0.014282453844882827,-0.010693840243220542,-0.006860163639391064
2018-11-15,0.02437915407731235,0.012695718130497883,0.01996874891861015,-0.0025687131190872434,0.021767419666729147,0.026028963747291817,0.010382715828613373
2018-11-16,0.011014810526741959,-0.016204016695618998,-0.0030287843431916427,-0.03049147866334982,0.009370553151991702,-0.20771169646641652,0.002597135686593873
2018-11-19,-0.04043856058548797,-0.05225131114502081,-0.03987091227874231,-0.05889264167012825,-0.034478115690848375,-0.1278221104788774,-0.017059492570146276
2018-11-20,-0.04895715171980988,-0.011191197215610942,0.005631073559250092,0.006667194682401313,-0.028209123917669936,0.029820229518063606,-0.018679121742150775
2018-11-21,-0.0011305453766914141,0.014122842106230335,0.011486216713983291,0.017886301534088524,0.013670969540416248,-0.029751247827154034,0.0034013807770745122
2018-11-23,-0.02572722527033398,-0.009719272006622546,-0.013320681729930655,-0.02318614406020705,-0.0003881158595072691,0.0020015883956079807,-0.0067007976064254755
2018-11-26,0.013433300902721016,0.05142878028709171,0.023875599232785896,0.034690882473367574,0.032455228458757104,0.05403115602362158,0.01601520661240408
2018-11-27,-0.0021787869669275244,5.69294805029396e-05,-0.004022715636526145,-0.010170414952662599,0.0062726286919755295,0.004433328623143698,0.003359046014066791
2018-11-28,0.03773206384056205,0.059130406887340066,0.03926081390733646,0.012952670091789258,0.03647444820615051,0.04041335414024575,0.022763891272928067
2018-11-29,-0.0077120330240378985,-0.002494536473075945,0.0019038958311940535,0.013941603579793092,-0.008404553037300318,-0.016074800218827397,-0.002187185296305521
2018-11-30,-0.005416964106676217,0.009870068276671688,0.00561669075917055,0.013821049559603617,0.006332744054580654,0.03784856997833729,0.006076931488116969
2018-12-03,0.03434593674844292,0.047482843636724684,0.010905050627570812,0.0034078137467991676,0.01076333055277588,0.03964880002303771,0.013154316284595822
2018-12-04,-0.04498583139091,-0.06044688772653472,-0.051567853478325015,-0.02265169418431949,-0.03236771599989729,-0.07908760732596595,-0.032939026316876376
2018-12-06,-0.01121173095775435,0.01828664289188351,0.0169002581187527,0.012249831527182018,0.006154874151278453,0.0074826974401325606,-0.0015182922887807615
2018-12-07,-0.036308705445645545,-0.042105608754156164,-0.03054431600083928,-0.01595410079391275,-0.040844884451042396,-0.06985522101307766,-0.023510265006353812
2018-12-10,0.00656649039951639,0.007277978607481914,0.0028611835832752478,0.031728183010616404,0.02608337738435688,0.028385470612465068,0.001895370680723818
2018-12-11,-0.005735865726892594,0.0013458597059741706,0.011667590339890486,0.001620113840124783,0.009251417611904036,-0.024463751751002013,0.0002270460716769133
2018-12-12,0.0027834971640307137,0.012277951513649618,0.011279142601269188,0.01688925008496595,0.004502262415616323,0.004779537638143891,0.0050226549340372404
2018-12-13,0.01088075976970448,-0.0031066785633509105,-0.0016748920824703223,0.003523198131791192,0.0033862176780806224,-6.723184257601008e-05,-0.00033907414364622916
2018-12-14,-0.03252084711938535,-0.04090668967184727,-0.018821874032824915,-0.006572985038184062,-0.03174538082088007,-0.0165235774885993,-0.018637158122320675
2018-12-17,-0.009349434837265524,-0.04562565471846275,-0.024843029219255887,-0.02723107206195124,-0.030061749949994103,-0.019791695924134326,-0.01981342972869637
2018-12-18,0.012908700725098013,0.019900419411563477,0.01191067687576814,0.024450628493881334,0.010441784956851973,0.0231318596527834,-0.001097124997476629
2018-12-19,-0.03168870243990924,-0.03702959409021031,-0.00555630970295179,-0.07529725093869372,-0.0026965875145676305,-0.05908168919321308,-0.015089011453549201
2018-12-20,-0.025558611094307147,-0.023174971356437677,-0.013383234489554675,0.0012001720509365443,-0.021248500899626134,-0.024927121774000784,-0.01641182651419519
2018-12-21,-0.03967227523480696,-0.05877078806961028,-0.030038202959033606,-0.06543862830626371,-0.03284560447385142,-0.04179395559732457,-0.02070220313354273
2018-12-24,-0.026214496123855936,-0.024613477609225835,-0.0033950133839516154,-0.0071483010308919705,-0.04263484653885923,-0.019404725541265898,-0.026778429993113827
2018-12-26,0.06805235841873551,0.09025398275801824,0.0627685390565456,0.07841695764183769,0.06607772319467606,0.04628394365277803,0.04928980410060123
2018-12-27,-0.006510676122116061,-0.006315330448245833,0.0042432619181218476,0.0025306286788826945,0.006146519752305521,-0.014606565057585607,0.007648031833406689
2018-12-28,0.0005122041735191336,0.01114426445080633,-0.006535529457629027,-0.009861183634844634,-0.00783853792767713,0.018730207912143103,-0.0012907142675250291
2018-12-31,0.009618738601024582,0.016074253774444786,-0.0014184003172013218,-0.015967592488080856,0.011685566222703489,-0.001122918340420682,0.008720693900223439
